Well,Depth_m,DT,GR,NPHI,RHOB,LogRT,RT_ohm_m,Facies_predicted,Facies_name,Porosity_predicted,Permeability_predicted
Well_4,120.0,75.48496894492902,92.77819684597756,0.1698735012725669,2.422367475317928,1.5076086457392928,32.18167508287659,0,Mudstone,0.12936051843839944,0.1388129841616032
Well_4,120.66852367688024,70.64151545219968,98.79629523007296,0.1458785005189447,2.475461530442774,1.519665328426387,33.08760468971971,0,Mudstone,0.09721042053529427,0.05290653588495437
Well_4,121.33704735376044,68.18136014642555,94.46944301274137,0.139171441166814,2.4982053781335005,1.4647546650947612,29.157794117781563,0,Mudstone,0.08835533590775117,0.04371291958858967
Well_4,122.00557103064068,73.67959340781759,94.70826482429476,0.1479384599204408,2.4499821040439778,1.6737380248808449,47.1778369262458,0,Mudstone,0.11000371165901654,0.07795065814528364
Well_4,122.6740947075209,74.76472007745421,93.28699911394703,0.171633066166522,2.455427059489258,1.4548491522330522,28.500281672940933,0,Mudstone,0.11961666027341225,0.10384607151602374
Well_4,123.34261838440112,76.24256354557083,91.51869740143152,0.1402506648399497,2.481637457993864,1.397803282218858,24.992130631476453,0,Mudstone,0.10249737591197022,0.0674162358148186
Well_4,124.01114206128132,72.64887772031076,104.7199804318418,0.1636477404029458,2.466076394360214,1.4104896284906938,25.73295310099486,0,Mudstone,0.10545309898111029,0.06353590252664866
Well_4,124.67966573816156,75.31591210712075,94.1104801561236,0.145782438090791,2.4416586379343173,1.4420848319906463,27.674821728734717,0,Mudstone,0.11387614483528387,0.0895593742509051
Well_4,125.3481894150418,74.97342835490439,106.55732714720826,0.1651086978519392,2.450540128693748,1.2951566338504,19.73134243859943,0,Mudstone,0.11182615120109501,0.07676290737015233
Well_4,126.016713091922,73.65608720194913,85.42170738850741,0.1715349544734804,2.4603137562048243,1.709875239858296,51.27140750293045,0,Mudstone,0.12093638955009918,0.11379347881074912
Well_4,126.68523676880224,68.37398144243045,90.314414351996,0.120224085632099,2.490933437729045,1.5808574030468794,38.09407241633071,0,Mudstone,0.08547782817392803,0.04217288515146198
Well_4,127.35376044568244,68.2219475722123,93.0615616339427,0.1503598515088959,2.48298105663002,1.7240051108220438,52.96696770621122,0,Mudstone,0.09727968851127305,0.05515414355326429
Well_4,128.02228412256267,67.09423634330668,92.50196709703997,0.1304708436758779,2.492248735197549,1.6466408471666945,44.324194012203456,0,Mudstone,0.08650979411112138,0.042155926284208986
Well_4,128.6908077994429,73.87245998581753,100.9341015086352,0.1453747290834875,2.4909592582205944,1.6269386755829724,42.358314989975135,0,Mudstone,0.09399077452137305,0.04763780484109493
Well_4,129.35933147632312,69.69941949442386,93.61668389130963,0.1671052575859029,2.4354489788220897,1.3948610962050405,24.82339032441137,0,Mudstone,0.11914915523461642,0.10151889484833206
Well_4,130.02785515320335,69.83725778334596,101.60071112098753,0.129851579985835,2.472704411284828,1.6026701721526158,40.0562392294532,0,Mudstone,0.08950654160000747,0.042387183208270576
Well_4,130.69637883008355,71.13081595112055,87.8580764786334,0.1262229366093652,2.50799776979692,1.7165928023264507,52.07062641643568,0,Mudstone,0.08630143600745564,0.04359628358260774
Well_4,131.3649025069638,71.72193520258433,96.0274123723767,0.122536424800496,2.488152046098229,1.7676040421782826,58.56040103095066,0,Mudstone,0.08661701687621981,0.04132638822262802
Well_4,132.033426183844,70.47533227960476,89.33883888793983,0.1201660484466552,2.517085307008115,1.759123488397092,57.42797311528222,0,Mudstone,0.07988074009754978,0.036630050614798335
Well_4,132.70194986072423,67.44050869789508,94.79719593938212,0.1373574312452466,2.486420261557845,1.542017953159438,34.83517151375061,0,Mudstone,0.09008972219763813,0.04540323671327136
Well_4,133.37047353760445,72.3463770731292,90.88832166367726,0.1224841803231752,2.5068867333407443,1.4500867327373586,28.18945845341116,0,Mudstone,0.08519336824839634,0.04218334751955916
Well_4,134.03899721448468,66.35259428502378,97.98768339774738,0.1055091313124955,2.518092714965479,1.8585404631869475,72.20054289995831,0,Mudstone,0.0654223305446038,0.02461580185700725
Well_4,134.7075208913649,67.86244167682956,94.854330069625,0.1210068787509347,2.509298419932129,1.876940386437364,75.32521612527022,0,Mudstone,0.07687344877959545,0.03299621380260374
Well_4,135.3760445682451,70.03228819497309,103.53414570527754,0.1317638784027451,2.4899247857878675,1.7065517485169663,50.88054429304554,0,Mudstone,0.08412434765863351,0.03613843048946927
Well_4,136.04456824512533,69.35673048988636,98.92244065798994,0.1216329707035492,2.52434636270194,1.7450401237897846,55.59556187702192,0,Mudstone,0.07212112353796338,0.02777377483377395
Well_4,136.71309192200556,65.13048261309238,102.40982997743562,0.0924976713660942,2.5212681241139525,2.0044264688268694,101.02444397598364,0,Mudstone,0.055749297513136176,0.02010696527891052
Well_4,137.3816155988858,65.88366116048698,88.15881726596199,0.1410025400448804,2.4956165516469624,1.6917674093861887,49.17760896969295,0,Mudstone,0.09073122893331119,0.04869190699360495
Well_4,138.050139275766,69.37784570793352,114.14958668319412,0.1247052366307322,2.484905237053511,1.5658931594316328,36.80384215565653,0,Mudstone,0.076814630530481,0.02801758180468887
Well_4,138.71866295264624,68.9691863430524,89.3106038725277,0.096513102416444,2.4891869715444748,1.7969827979272694,62.65890454672777,0,Mudstone,0.07760966412172958,0.03558658775962024
Well_4,139.38718662952647,70.3254430218714,97.45306378259424,0.1443089785248396,2.4983279217031558,1.6773167270836538,47.56820101121663,0,Mudstone,0.09009120914421487,0.0439095678866758
Well_4,140.0557103064067,65.33974132235056,102.49027572614128,0.1199892659489261,2.569383078225197,1.93255081481864,85.61518802906481,0,Mudstone,0.0524942236016695,0.017834298158792183
Well_4,140.72423398328692,68.65920196080194,99.3096646588643,0.1274085525684726,2.536077620860802,1.8920613836741147,77.99403403844272,0,Mudstone,0.06976057985102024,0.026638468049677705
Well_4,141.39275766016712,69.39458569514002,102.90396569049382,0.1401593819838993,2.510602399848368,1.742081291742744,55.21807874456182,0,Mudstone,0.08100459493746025,0.03337869586023087
Well_4,142.06128133704735,67.65092008447986,95.05528142741365,0.1132629213428997,2.532756864509428,1.528726187066953,33.785176108347805,0,Mudstone,0.06756048642820023,0.025934643667776813
Well_4,142.72980501392755,66.75917731812926,88.19783396752293,0.1379763786777706,2.487224336871381,1.538019144925369,34.51589545804721,0,Mudstone,0.09310398383771702,0.05209664218153586
Well_4,143.3983286908078,71.48453333512181,95.42226687755156,0.1647418124967243,2.4695577145958967,1.5764815439067277,37.71217182328139,0,Mudstone,0.10855624659209703,0.07334405237222859
Well_4,144.06685236768803,78.65009167259765,91.63044462824844,0.1557509362470697,2.485712603246482,1.4451810845742152,27.872831192990077,0,Mudstone,0.10917152522949458,0.08080617871304759
Well_4,144.73537604456826,74.57309134883513,96.42602198146578,0.1520248525603122,2.480160651248388,1.821548719618464,66.30537255732466,0,Mudstone,0.10232701627008024,0.062278719117293616
Well_4,145.40389972144845,68.07066198474575,86.67860545500663,0.1217593562268153,2.4933477119431444,1.7746983287974751,59.52485262090071,0,Mudstone,0.08666722551233517,0.044864889636441786
Well_4,146.07242339832868,71.11869846207001,98.23331633801962,0.152936134239959,2.446324597678566,1.3191871288973984,20.853892424946885,0,Mudstone,0.1095101843984043,0.07631981119294841
Well_4,146.7409470752089,73.94728201018452,94.29092347114369,0.1650304068949029,2.456861639388928,1.5548918088490375,35.883253138912366,0,Mudstone,0.11520735564020633,0.09010351597919433
Well_4,147.4094707520891,69.18984196098988,85.85899741797354,0.1490642157108094,2.4505266461033908,1.6627252157172403,45.99654548219022,0,Mudstone,0.11114719001695121,0.08616213497053998
Well_4,148.07799442896936,80.33440903215507,76.35329810323016,0.171997967426393,2.4350983899264627,1.411302266370305,25.78114885308491,0,Mudstone,0.13996579216990004,0.2303974064832166
Well_4,148.7465181058496,72.49440091640163,89.0062230986926,0.1442131106763926,2.469824113606566,1.6566711815997073,45.3598052846718,0,Mudstone,0.10492782462582553,0.07087839355334107
Well_4,149.41504178272982,74.20679142008012,104.48327520972012,0.1608056520795234,2.4735167624423826,1.4399255054530733,27.53756310912972,0,Mudstone,0.10366460588453477,0.0607454419254754
Well_4,150.08356545961004,73.08379800571872,99.77852889612508,0.1797277416517536,2.4503801896991377,1.536778469696527,34.41743252808393,0,Mudstone,0.11893552588838112,0.09480314164043045
Well_4,150.75208913649024,71.83269826047544,90.36211685256768,0.1540077223391972,2.4623440840534294,1.5336645528972306,34.17154011171118,0,Mudstone,0.10974796611960629,0.07999426405361915
Well_4,151.42061281337047,74.3338589515653,96.574568070484,0.1685698357697646,2.4426542159032056,1.4769705042521215,29.98958833375172,0,Mudstone,0.11993736365451205,0.10174386636718302
Well_4,152.0891364902507,73.00833373423782,84.98452411511985,0.1510891230721057,2.45929643052815,1.465011682306486,29.175054923985464,0,Mudstone,0.11365802520979933,0.0948517531466753
Well_4,152.75766016713092,74.03932154402949,93.7777464886529,0.1736216652921499,2.445930570969582,1.3252543262256025,21.14727077919489,0,Mudstone,0.12249186809562534,0.11341382187326547
Well_4,153.42618384401115,72.50064723003145,108.53921535201695,0.1464985196626035,2.439962715804133,1.453475753880265,28.41029569415077,0,Mudstone,0.10422196304150794,0.06018883898429275
Well_4,154.09470752089138,72.54033887932064,90.95369229986078,0.1598868601063708,2.445607752434117,1.5479421682304588,35.313614214445955,0,Mudstone,0.11711575235939198,0.09789525483102832
Well_4,154.76323119777155,68.35288365199966,103.53169009395482,0.1308629892231601,2.4981888124767297,1.5224607040816516,33.30126292315899,0,Mudstone,0.0802809487339266,0.03294730115504755
Well_4,155.4317548746518,72.61191509699236,94.60445906602536,0.1394206886111137,2.483323488700394,1.4857089144973037,30.59911842949959,0,Mudstone,0.09659219409310557,0.05444587576349786
Well_4,156.10027855153203,71.90852461384043,99.57873010389916,0.1472379730307242,2.495617838726873,1.559950972797834,36.30370694543343,0,Mudstone,0.09248249857965464,0.0461232455860838
Well_4,156.76880222841226,70.58522568932685,102.69220023290664,0.1528599093338031,2.464736066619738,1.5021721093380838,31.78133303893585,0,Mudstone,0.10083102564743157,0.0564583683780275
Well_4,157.43732590529248,68.81521548285426,104.59072003511211,0.1362777637703088,2.4963353722038737,1.6731956412923723,47.11895403992188,0,Mudstone,0.08238559694816536,0.03415914430908864
Well_4,158.1058495821727,71.84692455970225,94.63540944554688,0.1247340201856155,2.5171205332963646,1.6257027105637187,42.23793821395454,0,Mudstone,0.08020777040523719,0.035135818394478074
Well_4,158.77437325905294,69.88969458805322,92.83066121002092,0.1231686987470755,2.5445246700000514,1.7112764964619942,51.43710250833627,0,Mudstone,0.07071876098866779,0.028062851188327017
Well_4,159.44289693593316,76.814078490764,62.30568028919716,0.1832104495629143,2.4111423560920437,1.5248776577286434,33.48710915141517,1,Packstone/wackestone,0.1554950457871206,0.40922433668035213
Well_4,160.11142061281336,75.91394675556603,74.17517271616285,0.1899747649093485,2.411674868444149,1.558374403474578,36.17215669258976,1,Packstone/wackestone,0.1505428169654775,0.30840242150070896
Well_4,160.7799442896936,79.82421880730362,58.25532806543528,0.1932616802836748,2.3982698255249324,1.536657708662554,34.40786365923589,1,Packstone/wackestone,0.1679135363957426,0.638746228328276
Well_4,161.44846796657382,72.3656249350711,62.00445356923966,0.1618795519087032,2.444279847655797,1.436729385658181,27.335648769373982,1,Packstone/wackestone,0.1341739416344315,0.21372715467699271
Well_4,162.11699164345404,76.06562536272618,55.64240999898506,0.1834755702676551,2.4105774663784048,1.6416585445445042,43.81860471835739,1,Packstone/wackestone,0.15849205582344056,0.4741324884387033
Well_4,162.78551532033427,79.02257921141583,55.973930505203214,0.1829704316738205,2.439064031798772,1.4241768809118496,26.556869588265503,1,Packstone/wackestone,0.15293132601844384,0.41203554872078424
Well_4,163.45403899721447,77.46283211798834,58.493041435491705,0.1862417959360149,2.4239541723903817,1.5705442612968767,37.2001131875123,1,Packstone/wackestone,0.1554880451494538,0.4252145925407861
Well_4,164.1225626740947,74.09705299642773,57.15706022339533,0.1804965618871648,2.4338167720864265,1.581027045218578,38.10895545941916,1,Packstone/wackestone,0.14816086037117684,0.33777228734684706
Well_4,164.79108635097492,73.1119892641949,52.93977404035117,0.1598290761338042,2.427287872584956,1.661198865592778,45.83517201902328,1,Packstone/wackestone,0.14347866911113016,0.30689669331791813
Well_4,165.45961002785515,77.52272336556689,66.2253815773653,0.1816316051198756,2.430310175760741,1.3130345243385215,20.56054035970483,1,Packstone/wackestone,0.14826182439163774,0.31983967991851653
Well_4,166.12813370473538,78.30779607661654,46.790238020112255,0.1774983794341053,2.3986780455517445,1.5955726968310704,39.40693856506986,1,Packstone/wackestone,0.16661402532170558,0.6851820542135583
Well_4,166.7966573816156,75.64698204272587,61.37567597696872,0.1781744948092446,2.423360302784014,1.5422695968346274,34.85536194006769,1,Packstone/wackestone,0.14946960891145458,0.34121269570518326
Well_4,167.46518105849583,74.81148338121004,46.66076546734689,0.1600006169061312,2.39647961507347,1.7330278543796576,54.07890064607513,1,Packstone/wackestone,0.15728719047510992,0.49949994955695853
Well_4,168.13370473537606,77.19578983509743,57.014074022465024,0.1932303712795909,2.400823845486882,1.595338347923802,39.385679990092974,1,Packstone/wackestone,0.16537865166020968,0.5828029041246516
Well_4,168.80222841225628,76.05768320515435,66.82030140090876,0.170088561501882,2.4357302280113933,1.626086419660744,42.27527288796077,1,Packstone/wackestone,0.14001703513783548,0.24274281205700893
Well_4,169.47075208913648,76.93678176098739,55.01858758580181,0.1904546406995571,2.4002703762493818,1.525378751997038,33.525769285226595,1,Packstone/wackestone,0.1654961585146035,0.5994550062680407
Well_4,170.1392757660167,77.24263835317366,61.92045883148048,0.1944106981724423,2.387380333226443,1.3169026870397815,20.74448640821916,1,Packstone/wackestone,0.16768027270640035,0.5991591161506685
Well_4,170.80779944289694,82.94959228631775,66.88679573200763,0.2355226856599332,2.3178961382020344,1.189436199332056,15.468072512675784,1,Packstone/wackestone,0.2060892557207274,1.9143619520654132
Well_4,171.47632311977716,89.52610778789602,34.613941070254114,0.2503935487789843,2.29913024008147,1.6262823733160894,42.29435179351553,2,Grainstone/packstone,0.23975456600086117,8.463423506718417
Well_4,172.1448467966574,81.69813582976923,49.20274429897522,0.2009811432755585,2.378281013987665,1.4734598246628428,29.748140546341443,1,Packstone/wackestone,0.18340060285642235,1.1614403379073517
Well_4,172.8133704735376,80.66298990725498,77.66131348767307,0.2089145244763061,2.327542877820439,1.3521810738002251,22.49992517301531,1,Packstone/wackestone,0.18492132104931006,0.8983251550269682
Well_4,173.48189415041782,86.45222406831483,62.81656687327022,0.2415636619682846,2.32800086791044,1.427004376383081,26.730333446697564,1,Packstone/wackestone,0.21028048090319382,2.443234272188258
Well_4,174.15041782729804,78.43862293148553,66.4977517306341,0.2182492461710149,2.368237433202978,1.3908528541643268,24.59534133914965,1,Packstone/wackestone,0.18068774387841166,0.8564136555463917
Well_4,174.81894150417827,77.90019554144826,49.4525223934975,0.1947021006990444,2.4091774559902204,1.583988875068954,38.36974165348492,1,Packstone/wackestone,0.1682963001765954,0.6935157533858396
Well_4,175.4874651810585,78.24360323506635,65.31929700515818,0.2132067348968305,2.377486826446047,1.4500157883593807,28.18485392735391,1,Packstone/wackestone,0.17643339896404706,0.759823298817909
Well_4,176.15598885793872,95.28886334125144,20.4024486768884,0.3014121467111765,2.186621384581135,1.342489294291337,22.003374688785907,3,Grainstone,0.3052936970185862,71.65016729725173
Well_4,176.82451253481895,82.00173515254386,53.91689007878463,0.2142811368366632,2.37249112205217,1.429991794396384,26.91483950278074,1,Packstone/wackestone,0.18791163368213962,1.2706897921088043
Well_4,177.49303621169918,83.88804176731017,62.63356946498816,0.2296216010056309,2.362312049121079,1.3014525611146814,20.019469328375155,1,Packstone/wackestone,0.1938692164650384,1.4058399995412594
Well_4,178.1615598885794,82.12584272079589,61.51102145669397,0.2084110547152435,2.335973242397037,1.4595787348280544,28.812353520772124,1,Packstone/wackestone,0.19218774236758607,1.3564126495446178
Well_4,178.8300835654596,76.72106672208994,104.71925093857904,0.1625243191969589,2.4681323630993437,1.5325652878612537,34.08515614560719,0,Mudstone,0.10778961303806112,0.06806958606376959
Well_4,179.49860724233983,78.92512948795782,66.57372163553809,0.1897200818185377,2.4028851427931017,1.4595802612524211,28.812454788362658,1,Packstone/wackestone,0.16004319320451885,0.4580948445700064
Well_4,180.16713091922009,79.11840077603097,57.46806439832866,0.2074022339008827,2.371448165041079,1.4943143327644135,31.2114778468395,1,Packstone/wackestone,0.18096395705139756,0.9604027115340276
Well_4,180.83565459610028,79.09307855963648,48.75062179583489,0.1801060908109672,2.3935539693079426,1.5235695580559765,33.38639736540865,1,Packstone/wackestone,0.1688701081418571,0.7281132663342909
Well_4,181.5041782729805,79.87391051934229,51.20999982228588,0.1979044020787028,2.3899418217713966,1.4790817769744788,30.13573421945753,1,Packstone/wackestone,0.17611460804148305,0.8893524265895039
Well_4,182.1727019498607,82.15009063645881,58.34859971006712,0.219125292365561,2.338644463520973,1.4819266129413298,30.333785607345757,1,Packstone/wackestone,0.19718045775420634,1.6325583786790194
Well_4,182.8412256267409,76.000792573516,54.08424332199476,0.1746498223677992,2.386007721424951,1.6393001663846285,43.58129855270877,1,Packstone/wackestone,0.1630818709847538,0.5588707259350586
Well_4,183.5097493036212,77.94965595508184,49.419159254891184,0.1924914481071574,2.420518769504947,1.5383852969042635,34.545007945082084,1,Packstone/wackestone,0.16432148320752424,0.615443441946182
Well_4,184.1782729805014,74.04404056833337,54.05483172076868,0.1708888850497252,2.451387257992076,1.4600558833661508,28.84402633235261,1,Packstone/wackestone,0.1413174814770671,0.2872142641776198
Well_4,184.8467966573816,74.27453089918417,46.714864308911714,0.1830882610459882,2.408491516867349,1.6868022413485797,48.61857676126085,1,Packstone/wackestone,0.162147489228167,0.5725582825159173
Well_4,185.51532033426184,77.6965789967331,53.82866349785023,0.1866936881311194,2.434111052749504,1.687751184154843,48.72492554457158,1,Packstone/wackestone,0.1552192941976075,0.43855782562661305
Well_4,186.18384401114207,75.43480244860007,62.45361654648544,0.1906987235918057,2.4057180599273,1.47717534572443,30.003736706934266,1,Packstone/wackestone,0.15870646746578196,0.4457392866831223
Well_4,186.8523676880223,79.2232716939353,49.53738849224828,0.1741160047942105,2.4177445065356,1.526662941458807,33.625050205776766,1,Packstone/wackestone,0.1592482003778916,0.5368489754807519
Well_4,187.52089136490247,71.89332045675015,74.533277565296,0.1850185670467529,2.422223527181204,1.6398797125067477,43.6394946236452,0,Mudstone,0.1416564894322294,0.2295008482111352
Well_4,188.18941504178275,73.47328377163791,57.73576547175351,0.1814161261311258,2.426006094962206,1.556363081805978,36.00502209814348,1,Packstone/wackestone,0.14996044408847403,0.3538251591159449
Well_4,188.85793871866292,74.83927214212744,67.31785878002698,0.1930259263027515,2.4074654504938025,1.605968480428657,40.36160988627598,1,Packstone/wackestone,0.1556185963015511,0.3814897256712086
Well_4,189.5264623955432,78.68075277081167,33.01747192971669,0.2258762050967975,2.357850227009777,1.1925501514725414,15.579379320523454,1,Packstone/wackestone,0.20554908396990146,2.5394096614638895
Well_4,190.1949860724234,85.40062389053922,41.40387539208568,0.2294566927965889,2.338150669491412,1.5429512857597685,34.91011550654133,2,Grainstone/packstone,0.21327150768488481,3.3309332200072017
Well_4,190.8635097493036,84.76999138873772,28.53260803029517,0.2109643846641853,2.358853416385234,1.4824733849799745,30.37199956459688,2,Grainstone/packstone,0.20684986234184788,3.0976052428279304
Well_4,191.53203342618383,90.31484768074074,25.733700814025035,0.2561195219446425,2.2804963582538424,1.4764193232420264,29.951551454494908,2,Grainstone/packstone,0.2532168991145294,14.351978650091546
Well_4,192.20055710306409,82.6116343082899,31.45533381254958,0.227539718969724,2.3509020471530357,1.4423199103808026,27.689805832543605,2,Grainstone/packstone,0.21201673862318882,3.4360652532632336
Well_4,192.86908077994428,86.35028013436902,37.88787520219954,0.2269439770610747,2.342889370588995,1.524274105297187,33.44060340608824,2,Grainstone/packstone,0.21374826378608636,3.545183667089639
Well_4,193.5376044568245,84.38824246387247,24.044527638636826,0.2464371106326602,2.3230525562163518,1.5033741906215672,31.869422268679973,2,Grainstone/packstone,0.23278024238514913,7.211269280922146
Well_4,194.20612813370477,81.16634360978107,43.63056010640733,0.2239208092789474,2.3739671205410398,1.5397029630242545,34.649977985562565,1,Packstone/wackestone,0.19579179860155874,1.7861499779151089
Well_4,194.87465181058496,83.29606334387957,35.84200738313059,0.2296681945221916,2.340632737978636,1.6038931291929777,40.16919506811298,2,Grainstone/packstone,0.21367381870716437,3.4682203598882366
Well_4,195.5431754874652,88.42938625575704,35.09995556906195,0.2500409894634413,2.3166046130917306,1.5365754082041712,34.40134385580932,2,Grainstone/packstone,0.23349372380501,6.905828797833192
Well_4,196.21169916434545,85.23707828765046,28.408857112262307,0.258394989258803,2.290734985526717,1.3811586215135396,24.05241128742404,2,Grainstone/packstone,0.24533209009491114,10.227323059419353
Well_4,196.88022284122565,84.49874249702954,34.137098593111205,0.2400321152163205,2.281611227256583,1.6064659712504052,40.40787120526672,2,Grainstone/packstone,0.23674921559329898,7.421290412454223
Well_4,197.54874651810584,87.66489479591198,27.46040771719159,0.2344573826003054,2.3038734438151507,1.3092932070880647,20.38417818974873,2,Grainstone/packstone,0.23526208122508677,7.733769925235239
Well_4,198.21727019498607,93.51401626361611,35.323268014452964,0.249452155405827,2.292156840130928,1.5165272473673492,32.84938531578667,2,Grainstone/packstone,0.24481167260590295,10.403433032430174
Well_4,198.8857938718663,89.18965041778907,36.31937026816488,0.2534132187344597,2.2910184284041657,1.3923624281538105,24.680981594325203,2,Grainstone/packstone,0.2425209675194646,9.115176156217581
Well_4,199.55431754874647,80.53427829541879,62.32677953085632,0.1972163378529573,2.3621802437120105,1.2729453995422064,18.74758794450055,1,Packstone/wackestone,0.17886194358717858,0.8674573358401626
Well_4,200.22284122562672,97.12487659069367,28.28370279927249,0.2977108087814268,2.1918837046154813,1.328865473485279,21.323842861488902,3,Grainstone,0.29970972305243493,57.66592145497494
Well_4,200.89136490250692,90.3805750169892,38.16846796028671,0.3088667268450499,2.208707712590523,1.479444080140409,30.16088495895177,3,Grainstone,0.2873347965429397,34.84899346324687
Well_4,201.5598885793872,92.07230391196852,35.159488597407616,0.3000163194107906,2.20874387971168,1.2824039052322824,19.160370612446407,3,Grainstone,0.28753362100920343,35.43805585329308
Well_4,202.2284122562674,94.04381896091148,29.9389557960877,0.3052829951971321,2.195665902536857,1.3489797047350411,22.33467846922526,3,Grainstone,0.2977977032887734,52.32140399892927
Well_4,202.89693593314763,93.97112437647152,18.999069262261465,0.3020276261527786,2.2173339199751743,1.5173927518526829,32.9149160574223,3,Grainstone,0.2958301187349427,55.71917704947127
Well_4,203.56545961002783,94.55367091188252,28.194223415422307,0.3227604247331037,2.179265651116133,1.3515166636714075,22.465529735005184,3,Grainstone,0.3105951022877554,75.73180420975554
Well_4,204.23398328690809,95.20567435354457,18.879183309202062,0.2902375151409393,2.2212853423791805,1.5319236553372817,34.03483545766809,3,Grainstone,0.29134098949165843,49.80334169982614
Well_4,204.9025069637883,97.50278700613984,12.808337000923538,0.3199260450811999,2.191093295077636,1.3330199671189646,21.528807132722108,3,Grainstone,0.31715963227374633,105.85601923804526
Well_4,205.5710306406685,101.1528733993325,19.55377207240191,0.2964809403765943,2.186171607038718,1.3410842972178707,21.932306034255067,3,Grainstone,0.30923144553690973,84.11522980634706
Well_4,206.2395543175488,94.4317165020554,30.592299958338764,0.3073401851553173,2.181843893528747,1.100950599860147,12.616840123627812,3,Grainstone,0.30310704113044495,52.69116468420749
Well_4,206.90807799442896,86.71047766941558,31.628164462326065,0.2512843563241337,2.2805848631001138,1.4000844774313614,25.12375082325472,2,Grainstone/packstone,0.2450915188448252,10.099280427625654
Well_4,207.5766016713092,91.54925381966572,40.54630583902831,0.3036259223443882,2.2089494010434034,1.4628915202572856,29.03297367125125,3,Grainstone,0.2850491720450113,32.31491706199295
Well_4,208.24512534818945,93.06956611062346,25.14321020273592,0.2950879704466175,2.239694472662737,1.2968471519556233,19.808297587379062,3,Grainstone,0.28300638508792475,34.67829799634016
Well_4,208.91364902506965,88.23671933924781,15.600416735766265,0.2702987073121782,2.2527889558439043,1.3771248169695214,23.830042504072413,3,Grainstone,0.27055313240541545,25.7299644920403
Well_4,209.58217270194984,96.87554209492966,35.77202973322146,0.3073777369326925,2.2344684392022724,1.2117625609019536,16.284055012987924,3,Grainstone,0.2869352471807264,34.710400848733116
Well_4,210.25069637883007,86.43396777571664,24.0274225553332,0.2675989510472497,2.248726024809115,1.6318743019698778,42.84245033713291,3,Grainstone,0.26395759264850044,19.108811364086055
Well_4,210.9192200557103,89.28137576796671,31.806120475869506,0.2738410198937435,2.253058663356465,1.4829610543548248,30.406123445250973,3,Grainstone,0.26365763346307,18.373753660891854
Well_4,211.58774373259047,90.55735249119776,32.39341285315445,0.246380418332013,2.2846087360211187,1.3411293384147402,21.934580777736173,2,Grainstone/packstone,0.24518664484056274,10.405876888163503
Well_4,212.25626740947075,90.969110942223,26.244968201454345,0.2689906853985796,2.2740439653515754,1.4441777333546686,27.808510875844465,3,Grainstone,0.26034457973712716,17.77412438490305
Well_4,212.92479108635095,92.35854951416052,25.73053365846386,0.287740066722794,2.249447988104055,1.6042390535942035,40.20120339616413,3,Grainstone,0.2757802730925184,28.413539288062346
Well_4,213.5933147632312,91.9876963166931,31.09138560057759,0.2592677193307131,2.287444956958109,1.5209495849277048,33.185593182269315,2,Grainstone/packstone,0.250853718175927,12.838512733461531
Well_4,214.26183844011143,89.76654224968698,30.76975346887846,0.2500827177104404,2.294547482142216,1.584054193973258,38.37551298623613,2,Grainstone/packstone,0.24337411892709093,9.946641764572185
Well_4,214.9303621169917,92.20918648616058,18.579162074575187,0.2671551444346718,2.267803284720921,1.399567749747348,25.09387612292048,3,Grainstone,0.2668511962913135,23.462559861487932
Well_4,215.5988857938719,90.52013834004946,24.74787141341272,0.237997860579736,2.273601145929621,1.4647098807869094,29.15478753041439,2,Grainstone/packstone,0.24909179760389416,12.891274680853657
Well_4,216.26740947075209,86.82250741258702,31.34322779177131,0.2501727064224487,2.2918690814809497,1.49937330514122,31.57717726650696,2,Grainstone/packstone,0.24143625107294636,9.091971081738206
Well_4,216.9359331476323,92.49609044579836,23.74294264173721,0.2708265898869211,2.2523083891147158,1.2957078781688645,19.756403075273493,3,Grainstone,0.27039626941203215,24.368821681640394
Well_4,217.6044568245125,86.65934780461036,25.53078538608936,0.2442988124785579,2.2890631040871705,1.3825458547552123,24.12936287755372,2,Grainstone/packstone,0.24330531474547307,10.123180266537851
Well_4,218.2729805013928,87.71620321695839,26.999450188008986,0.2580460449381145,2.293702260643609,1.6061985518824584,40.38299748103398,2,Grainstone/packstone,0.24683437832251393,11.162100666303528
Well_4,218.94150417827296,91.2157123313703,28.05087533772679,0.2987606364409848,2.24072162970195,1.4867668393978148,30.67374758244396,3,Grainstone,0.2804607799989138,31.795903633967157
Well_4,219.6100278551532,91.34740881020352,25.339618019681755,0.2901439718731283,2.2290267046167624,1.353570761146603,22.572037397814423,3,Grainstone,0.2824721332198155,34.30453833770264
Well_4,220.27855153203345,89.64331260871128,26.303157759482023,0.2557789378514112,2.266198267107704,1.6065423158445975,40.41497512627642,3,Grainstone,0.2560576777942428,15.33359236577271
Well_4,220.94707520891365,90.34206575958072,23.166596711314416,0.2749923950763085,2.2470823894394063,1.2527069536088158,17.893980247615907,3,Grainstone,0.2719874244677163,24.6373085030129
Well_4,221.61559888579387,92.30402751856764,20.730890821900687,0.2778210971462792,2.24757677813839,1.625005651797808,42.17019913152149,3,Grainstone,0.2752033543241014,29.246040274190907
Well_4,222.2841225626741,93.0081850334323,24.98795183811449,0.2910932582421064,2.2185925040252585,1.214960398634668,16.404401819990458,3,Grainstone,0.2878257220988679,38.718680148456365
Well_4,222.95264623955435,92.15620606475116,32.030565305481446,0.2967487014994412,2.222871659292017,1.566144526041834,36.825150128077816,3,Grainstone,0.28337395527240095,33.68234929592364
Well_4,223.62116991643452,91.2677063625607,34.23508812694939,0.290465264547993,2.2375571243744554,1.4657939254580936,29.227651844920235,3,Grainstone,0.2749408827977575,25.567273602348404
Well_4,224.2896935933148,94.530523528812,26.338559840350094,0.2887281351531114,2.197842937950401,1.3662656223331484,23.241578585776672,3,Grainstone,0.29325002327594,48.50683647309285
Well_4,224.958217270195,94.98262854736912,9.091370175443757,0.3090539605257883,2.2017833714360355,1.4698312004553151,29.50062387378208,3,Grainstone,0.309433060099668,89.5405356036056
Well_4,225.6267409470752,93.82483899197368,31.454473093508373,0.2916358916397901,2.249394662832624,1.2640198879671507,18.366224472273657,3,Grainstone,0.2761668346053589,26.581669345950477
Well_4,226.29526462395543,96.67614466201496,31.52267148512153,0.295081303572584,2.2063936819150656,1.5609400657432022,36.386481796140544,3,Grainstone,0.2918339729188336,45.30609272593024
Well_4,226.9637883008357,93.37025993165786,19.619469266950222,0.2916172553390522,2.227223970700944,1.2712336163180424,18.67383926582596,3,Grainstone,0.28865588615275634,42.87555829569077
Well_4,227.63231197771583,96.36916974904372,19.269719226448355,0.2963492035631323,2.218973459524883,1.3648111814973136,23.163873337365043,3,Grainstone,0.29550581121610625,55.55921314345822
Well_4,228.30083565459609,95.3488174127456,14.657520922206032,0.2887448795026902,2.226623631107153,1.3844575137210215,24.235808582280256,3,Grainstone,0.2919729476899082,52.19241156132735
Well_4,228.9693593314763,95.47212988487044,28.944571674658413,0.3154444175754889,2.223682499411025,1.4703684661982346,29.53714168168419,3,Grainstone,0.2950686833838977,49.804234721123194
Well_4,229.6378830083565,98.52122201247391,23.790079390710265,0.3138098611665282,2.1781439813577235,1.426231923758177,26.68283211892608,3,Grainstone,0.31330160063391144,90.04096186021003
Well_4,230.3064066852368,95.59675501356467,24.024670089539267,0.3157532860518304,2.202356972728087,1.4385743226035703,27.452021010248,3,Grainstone,0.30425108731789896,67.98379146809226
Well_4,230.974930362117,95.18071570692598,23.264334387376618,0.3099241855646316,2.209134166653911,1.3835380854153707,24.184554148604427,3,Grainstone,0.30023358830925817,60.51665612000802
Well_4,231.6434540389972,94.16316581070706,24.07007819262969,0.3104501833043925,2.227229716195581,1.2548966179512,17.98442752130134,3,Grainstone,0.2941035722780729,47.43418496316689
Well_4,232.31197771587745,93.94630876981344,36.86778783610549,0.2861090153079654,2.226522516613567,1.400913286335468,25.17174284488298,3,Grainstone,0.27757171070909326,27.620963020027446
Well_4,232.98050139275767,93.48721142984586,25.92169485519168,0.3004189658937923,2.21734520790875,1.3392799873223895,21.841375598090902,3,Grainstone,0.2913773477862641,44.81091693844101
Well_4,233.6490250696379,93.15658794534936,27.0979245660502,0.2975137983461438,2.208721669651384,1.5472882156630972,35.26047964438926,3,Grainstone,0.2914024215292559,45.306376683797154
Well_4,234.31754874651813,92.61148886697396,13.758271298511,0.2877739155062841,2.2200311510681567,1.565763052161751,36.79281799940705,3,Grainstone,0.29119512125437796,50.521685074808666
Well_4,234.98607242339835,96.40537048120083,36.3802301611951,0.289192369888487,2.219257909196521,1.203120226178968,15.963209972249444,3,Grainstone,0.28372318538808394,31.728052058862673
Well_4,235.65459610027852,78.96507815222502,65.51705464566334,0.2160119938099851,2.3796580042350035,1.522746728737037,33.32320222908005,1,Packstone/wackestone,0.17724555487909427,0.7805959422287596
Well_4,236.3231197771588,77.93372544757312,62.90889635949438,0.1914865124073247,2.365112698399896,1.5647693509325136,36.708729265786495,1,Packstone/wackestone,0.172588293564583,0.6953110716813944
Well_4,236.99164345403895,80.0202382474408,65.40707461731914,0.2255750472911226,2.3837834354257423,1.4015630592350796,25.20943192138657,1,Packstone/wackestone,0.1809296363374211,0.8811767843592337
Well_4,237.6601671309192,81.1519736421776,45.86460505012127,0.1662528529782194,2.439668336228484,1.5136363685113376,32.63144970944507,1,Packstone/wackestone,0.15364601599387676,0.4790726552085542
Well_4,238.32869080779943,77.22825833746312,74.41012182415876,0.1953236611911976,2.415349654806949,1.2578066010408024,18.10533650643128,0,Mudstone,0.15318098525296237,0.33886005292693416
Well_4,238.9972144846797,78.894010532008,57.138762707940415,0.1873979936351646,2.435780606818873,1.6111770278089557,40.84858600586261,1,Packstone/wackestone,0.154417086322684,0.4199223171024811
Well_4,239.6657381615599,67.63604741460708,98.1118696493963,0.1487503066800499,2.5013840521874173,1.501527715536619,31.734211768039344,0,Mudstone,0.0885108029651442,0.042174637649393054
Well_4,240.3342618384401,78.12879169209724,61.35812297142468,0.1996364258247054,2.3984984289977267,1.7391248980246836,54.84346656528108,1,Packstone/wackestone,0.16663247163177114,0.5737062716114666
Well_4,241.00278551532037,76.08148377195788,51.82667309387704,0.1819978250557355,2.400077320181635,1.5839434917841373,38.36573226813642,1,Packstone/wackestone,0.1632058292849549,0.5741758629779048
Well_4,241.67130919220057,78.11096024020021,55.76751843525106,0.1884003798437387,2.4247659479789325,1.5988602834697851,39.706378984575096,1,Packstone/wackestone,0.15807791018786935,0.4744352835914
Well_4,242.3398328690808,72.26366058110881,51.93862258616055,0.166077972640317,2.436412517823769,1.4962343146211057,31.34976680056268,1,Packstone/wackestone,0.14334191532038734,0.3096523830514101
Well_4,243.00835654596105,80.10840713060286,53.42108897744683,0.1785064412171543,2.430912841419909,1.764752228655172,58.177121409895086,1,Packstone/wackestone,0.1552452431451413,0.44634007571160306
Well_4,243.67688022284125,73.69449626082724,57.89048662886478,0.1557214216290695,2.4187304806187715,1.6285532456687688,42.51608294678343,1,Packstone/wackestone,0.142285204121881,0.2838241200437285
Well_4,244.34540389972145,73.43420674023295,58.72455166547175,0.1911439848637121,2.382523725531822,1.5075784869977993,32.179440366200275,1,Packstone/wackestone,0.16581186552552135,0.5689544267502914
Well_4,245.01392757660167,76.87370776170874,57.59970072099476,0.1765969042630625,2.4285080831372614,1.609430686339673,40.68465956660639,1,Packstone/wackestone,0.1503887004779956,0.36633615987118756
Well_4,245.6824512534819,79.3206192468808,52.74637315217706,0.1640312505299303,2.41212245122706,1.4772390031679177,30.00813487738808,1,Packstone/wackestone,0.15549159237981963,0.4673986546898242
Well_4,246.3509749303621,80.27346613356103,51.81227567351587,0.1797196007570573,2.4150614969688853,1.6520725813388362,44.882039264299365,1,Packstone/wackestone,0.1615764534026333,0.5602907259848274
Well_4,247.01949860724235,73.7784893927547,73.89184034143149,0.1672033363042781,2.442491293308229,1.496035481632764,31.335417225831307,0,Mudstone,0.13134032827331116,0.17423353827891444
Well_4,247.68802228412252,77.0566470124343,50.55213211752236,0.1687973901471761,2.407623110076886,1.6712712673563728,46.91063020366613,1,Packstone/wackestone,0.15738417293310325,0.48897754996946724
Well_4,248.3565459610028,77.01020139959326,54.40810514365499,0.1940479482003221,2.385385250292871,1.3927374945604942,24.7023058475585,1,Packstone/wackestone,0.17186440133866904,0.7369253028445171
Well_4,249.025069637883,79.28229814340979,60.65398303672214,0.2178148904596731,2.371235535682461,1.3691886892007057,23.39853620931688,1,Packstone/wackestone,0.18364418189450069,1.0045789420089828
Well_4,249.69359331476323,81.29003530519402,56.41283915255491,0.1837613383406208,2.3907663733970685,1.488513268706401,30.797344331140728,1,Packstone/wackestone,0.16890179477863074,0.6861193056077588
Well_4,250.36211699164343,79.992574735385,63.20681195556371,0.2089008453937417,2.358163335129764,1.456347621319113,28.598787535591587,1,Packstone/wackestone,0.18311022716853126,0.9772559020925914
Well_4,251.0306406685237,84.13871416943127,63.27839487241269,0.2215451348283235,2.391940321332862,1.303235299980794,20.10181630467964,1,Packstone/wackestone,0.1820634213191704,0.9694296801067261
Well_4,251.69916434540391,81.15660545894411,52.77821803871885,0.1771041443868113,2.3881564947157314,1.3770871343063176,23.82797491964152,1,Packstone/wackestone,0.16924037004068604,0.7243190888434485
Well_4,252.3676880222841,83.68166716666491,50.860370232081735,0.2151886307397508,2.365827305461874,1.5965996167374417,39.500229301031816,1,Packstone/wackestone,0.19300348545909052,1.5570952146273862
Well_4,253.03621169916437,79.86908758154638,73.0875339819787,0.1954775381099924,2.3610799835881946,1.3441624310514892,22.088307062308377,1,Packstone/wackestone,0.17189351724002422,0.6252516941063015
Well_4,253.70473537604457,83.3927570777555,68.01393674402301,0.2089844608909163,2.355949111035784,1.5017224703245968,31.74844583251548,1,Packstone/wackestone,0.18408077722140787,0.9906622332281323
Well_4,254.3732590529248,77.76541601220535,54.7531544644404,0.1921424087438026,2.3722701662948724,1.3861123624664302,24.32833360375565,1,Packstone/wackestone,0.1754482250287847,0.8282276125343966
Well_4,255.04178272980505,82.6266799137981,50.79974119178,0.2449269499102405,2.343704067790588,1.334068705451514,21.58085791641209,1,Packstone/wackestone,0.21036532998893004,2.625858629960461
Well_4,255.71030640668525,81.0758052419458,60.28673282706677,0.2089472255092733,2.383606703612577,1.3891888560259926,24.501284659040824,1,Packstone/wackestone,0.17843793014325965,0.875719695170405
Well_4,256.3788300835655,80.56641196710821,47.82503748428616,0.1937031927899228,2.3649061032542016,1.6267775659154613,42.34260429440344,1,Packstone/wackestone,0.18394835592275194,1.179421888834178
Well_4,257.0473537604457,78.26844010741321,61.57019564949442,0.2163906181363204,2.381142252468724,1.441247964549763,27.62154484358801,1,Packstone/wackestone,0.1786707596995565,0.8453263826817344
Well_4,257.7158774373259,77.34911099659892,64.87416503049319,0.2138575272048233,2.356920124097372,1.2831446409494889,19.19307856059809,1,Packstone/wackestone,0.18245807094188043,0.9077622344822154
Well_4,258.3844011142061,87.10557922385722,54.53798209453053,0.2305515015650256,2.3539880146439773,1.591811269562432,39.06710857878164,1,Packstone/wackestone,0.20331231607942962,2.1425739774995196
Well_4,259.05292479108635,82.03005143704074,75.48300003464334,0.2223731821128632,2.3484069974522668,1.3313724279922716,21.447290189856105,1,Packstone/wackestone,0.1864159102391334,0.9646612017587342
Well_4,259.7214484679666,79.55675852493903,49.53376614400803,0.1985824349267095,2.385133585345801,1.5319322548917516,34.035509395126105,1,Packstone/wackestone,0.1782918662454285,0.9643343245762009
Well_4,260.3899721448468,78.87790641594073,55.25611228441909,0.2087538744533683,2.3815686135806144,1.5294478947576742,33.84136676571392,1,Packstone/wackestone,0.1794582057278886,0.9324308566247419
Well_4,261.05849582172704,76.47045811951719,59.70028359340503,0.1973138061768259,2.39423347463111,1.4299338014299912,26.9112457035548,1,Packstone/wackestone,0.16707927581375,0.5971880268258845
Well_4,261.7270194986072,85.28827108357132,73.81278574398287,0.2127032631631416,2.401872346357577,1.2638911805052613,18.36078226660155,1,Packstone/wackestone,0.17116578581501043,0.6304332785548785
Well_4,262.39554317548743,77.06638461199562,55.82219115486059,0.1816140504796658,2.4101717160265643,1.4955756885714913,31.3022595785679,1,Packstone/wackestone,0.1590043443987952,0.4896007703936978
Well_4,263.06406685236766,80.46952988788568,47.73091619962847,0.2049542576118241,2.3837804737837995,1.4641930698999015,29.12011393770379,1,Packstone/wackestone,0.18304318218852444,1.1493737272432591
Well_4,263.7325905292479,78.09078606854412,57.28115529161258,0.1887836851611971,2.3913589276235188,1.5434895556021246,34.953410351172025,1,Packstone/wackestone,0.16720066707658093,0.6236230282147365
Well_4,264.4011142061281,77.8529475052031,58.32064698852433,0.2008635341806718,2.3962865417066648,1.4626256054928166,29.015202473080155,1,Packstone/wackestone,0.16974329901998322,0.6637634258707341
Well_4,265.06963788300834,73.90946176091995,66.32282261198642,0.194067684254295,2.41060018873018,1.6633886149416273,46.06686042140775,1,Packstone/wackestone,0.15469942770767298,0.3709084633515537
Well_4,265.73816155988857,75.78548371986629,63.24258847220132,0.1805761129093188,2.394169176685236,1.389174191210646,24.500457338492293,1,Packstone/wackestone,0.15828813626923507,0.44185615617328505
Well_4,266.4066852367688,72.96470007918667,36.97607558034461,0.1579600671770127,2.453244902065578,1.681785146915025,48.06015276361531,1,Packstone/wackestone,0.14378619358265848,0.3655142781181085
Well_4,267.075208913649,76.36868793732863,57.56157160018262,0.1799078821983204,2.4011990515026294,1.713498784147981,51.70098105445496,1,Packstone/wackestone,0.158930472146958,0.47002930172023205
Well_4,267.74373259052925,72.22397740963328,53.79073950424173,0.1848152763136209,2.4270255927587625,1.5230752207477958,33.34841679438309,1,Packstone/wackestone,0.15207228337455123,0.3901187850002019
Well_4,268.4122562674095,77.8292140815378,57.51732783456086,0.1749257751937224,2.416323978485811,1.634074806109594,43.060077398217885,1,Packstone/wackestone,0.1541364626564217,0.4138816160888168
Well_4,269.0807799442897,75.77579908010199,63.63901418284468,0.1708621027978598,2.4498173085736363,1.4818585362968213,30.329031090340774,1,Packstone/wackestone,0.13801326155250954,0.2376516147009235
Well_4,269.74930362117,73.07757318049599,56.36913293757033,0.1724507177992997,2.41503914136718,1.5880315503105016,38.72857791560297,1,Packstone/wackestone,0.1500742808119211,0.360812169162614
Well_4,270.41782729805016,70.07482520115225,44.65352343823963,0.1590415581184086,2.4399901099600254,1.6037842832541738,40.15912884329636,1,Packstone/wackestone,0.141445208016874,0.31226707828429867
Well_4,271.0863509749304,72.15158354099127,66.21416861563988,0.1561710948045549,2.4160937128843734,1.5944253945728513,39.30297223617226,1,Packstone/wackestone,0.13736998809226642,0.22402897260095073
Well_4,271.7548746518106,76.51807710806445,53.354755385524925,0.1513930913667675,2.4176853839397943,1.7323846068279387,53.9988619322975,1,Packstone/wackestone,0.14571676134936595,0.3328092944954296
Well_4,272.42339832869084,74.84666775782958,48.29034253328293,0.1744673312108777,2.4322795268774957,1.5120305372334737,32.51101565654084,1,Packstone/wackestone,0.15198280376846854,0.42139316857246867
Well_4,273.09192200557106,76.29408278256336,48.84056009316217,0.1971979901484858,2.3982026179565965,1.4238442736858143,26.536538624945397,1,Packstone/wackestone,0.17167886446226285,0.7695270891725501
Well_4,273.7604456824513,77.90971826861825,55.92760644867204,0.1895328725338033,2.42713060392928,1.5414112879169302,34.78654429190592,1,Packstone/wackestone,0.1576759443593645,0.46858945868881563
Well_4,274.4289693593315,79.18249012135512,61.02622832988703,0.1767863873604044,2.3891034120891006,1.5094428125325718,32.31787616782363,1,Packstone/wackestone,0.16229810336209646,0.5246027645506505
Well_4,275.0974930362117,80.37197017367717,48.01198139792301,0.1866979778836903,2.411361889110421,1.6317665346698895,42.831820585670286,1,Packstone/wackestone,0.16750816105981328,0.7005976561326758
Well_4,275.7660167130919,74.85965049164497,45.91428468335123,0.1884021339432431,2.402723761744708,1.5164640559297122,32.84460595763415,1,Packstone/wackestone,0.16715816113616008,0.6840158258034275
Well_4,276.43454038997214,84.93780719549355,54.155040339446856,0.2247100755400339,2.354353151922514,1.5360394054798363,34.35891218626026,1,Packstone/wackestone,0.1993916270445504,1.870624535444493
Well_4,277.1030640668524,68.65281870662699,104.55555453089003,0.1316261550499753,2.509055481918073,1.6615832957203485,45.87576250016436,0,Mudstone,0.07682482477713441,0.02969967023731922
Well_4,277.7715877437326,73.66728267918931,102.56415433240188,0.1581138895587061,2.4317629258423232,1.3519041369865257,22.48558220623442,0,Mudstone,0.11553133925165458,0.08711509445187111
Well_4,278.4401114206128,78.34036832541,97.55326402254572,0.1599906851815874,2.429583042917882,1.30064458143754,19.98225889228035,0,Mudstone,0.12387881943468725,0.11883466912915162
Well_4,279.10863509749305,74.34505239603213,103.9225979190073,0.1608480691231163,2.438815792452103,1.4378665292499304,27.40731739538288,0,Mudstone,0.11419642551034884,0.08207969861687177
Well_4,279.7771587743732,71.75295224670592,94.49240055825229,0.1523275431004238,2.4430389610809096,1.362590182124603,23.045714752857798,0,Mudstone,0.11275181678099769,0.08576865177097127
Well_4,280.44568245125345,68.0058515689428,98.92419776161222,0.161157132043148,2.4892583657668736,1.4818443582735457,30.32804098176764,0,Mudstone,0.09666653317683457,0.0517557333449826
Well_4,281.1142061281337,70.5114422475791,87.00222287344829,0.1677833873955519,2.437736205714637,1.362454602200362,23.03852136513219,0,Mudstone,0.12315041083172984,0.12115326589118183
Well_4,281.7827298050139,74.72930096701256,105.84429935257616,0.162755165888606,2.42524542364358,1.5143226807551764,32.68305770664404,0,Mudstone,0.11799070722762446,0.08958276198470985
Well_4,282.4512534818941,71.55608739487096,78.68877125455609,0.1606843300672074,2.4732716771767285,1.555094006853466,35.89996348580324,0,Mudstone,0.11520042525094645,0.10317483399210425
Well_4,283.11977715877435,73.98307205255534,98.85198010732158,0.1491768924721991,2.455129084994735,1.3943829256495652,24.796074107579724,0,Mudstone,0.1075733924036139,0.07184584296417501
Well_4,283.7883008356546,71.01092398006568,94.67940254706023,0.1564190921971382,2.477856356867868,1.463244458925433,29.05657752596133,0,Mudstone,0.10321337754666374,0.0644173730103764
Well_4,284.4568245125348,70.38433654331646,83.98379614611389,0.1403422857495601,2.468642474198939,1.6234310065485935,42.01757718682874,0,Mudstone,0.10474553265577317,0.07378426595259498
Well_4,285.12534818941504,71.13911844682886,97.51409318499812,0.1546770652151866,2.4796564897617728,1.4339520297138129,27.161392393011035,0,Mudstone,0.1006548717217321,0.05893752587233969
Well_4,285.79387186629526,78.18439685107853,101.24499486239544,0.1676930641166005,2.4334365157852726,1.395246701214132,24.845440510984886,0,Mudstone,0.12332272810052822,0.11118590565331088
Well_4,286.4623955431755,75.24545284922986,99.18297966546804,0.1696554182801694,2.451013010890752,1.478072491829853,30.065781145762585,0,Mudstone,0.11730152062021396,0.0925683063695616
Well_4,287.1309192200557,85.12841499105625,37.129892835628425,0.2411714530744044,2.3160238413860714,1.5035855096285786,31.884933065336867,2,Grainstone/packstone,0.22632393033744802,5.241594767390054
Well_4,287.79944289693594,86.53207606386711,38.73521329326613,0.2536258920067665,2.3146023212803257,1.4378702662698406,27.407553231055957,2,Grainstone/packstone,0.23197027181722663,6.2076514893625685
Well_4,288.46796657381617,84.37033252698839,30.57162113860266,0.257189011988092,2.330349636380534,1.5586246347167996,36.19300432523148,2,Grainstone/packstone,0.23103568132972369,6.343426290609276
Well_4,289.1364902506964,85.56862930003152,41.188886873464,0.2323642144230636,2.2970792209728983,1.454409600231925,28.4714509624514,2,Grainstone/packstone,0.2267617988625464,5.160149418871971
Well_4,289.8050139275766,85.02309888920739,39.71767264757904,0.2383393789445262,2.319723478033114,1.4235235699669928,26.516950015097557,2,Grainstone/packstone,0.22283522800552658,4.561523971185519
Well_4,290.47353760445685,84.65130723983876,36.79176829367715,0.2421708349684231,2.291419607178522,1.3954694206689042,24.85818527825069,2,Grainstone/packstone,0.2338416639563839,6.611082394977364
Well_4,291.1420612813371,81.67407019901935,30.147624380712184,0.2562082557110663,2.332735105768462,1.4727847323010868,29.701934245100706,2,Grainstone/packstone,0.22798863526439933,5.626642783070374
Well_4,291.8105849582173,86.7323072438817,50.355092090245776,0.2385444696042658,2.332678823626227,1.569937442770478,37.14817157745129,1,Packstone/wackestone,0.2145385157103404,3.1894245132603953
Well_4,292.47910863509753,85.68493959067774,47.29375209822197,0.2357264542587526,2.3267465872125435,1.391084884352464,24.60848538469473,1,Packstone/wackestone,0.21631608590393425,3.4516188854694634
Well_4,293.14763231197776,83.00029920529357,32.45596714885089,0.2331461824001781,2.348777996243933,1.414174338308898,25.95220949451907,2,Grainstone/packstone,0.21461846118001873,3.691974245848855
Well_4,293.816155988858,85.42760773172567,40.399053380319614,0.2246675184818945,2.3498482335022106,1.4154363674536636,26.02773446754308,1,Packstone/wackestone,0.20890005907676487,2.9336499820638533
Well_4,294.48467966573816,76.28317290685918,35.70669985825634,0.2026730615789768,2.368816399624128,1.674181400138573,47.22602581083944,2,Grainstone/packstone,0.18893773625576962,1.4872133661722573
Well_4,295.1532033426184,84.47171222286046,31.895663054947622,0.2201658530653275,2.307627284541207,1.5804760685791674,38.06063840385914,2,Grainstone/packstone,0.2229111058815972,4.9494513909181315
Well_4,295.8217270194986,82.89525058797871,36.028758554413486,0.2293001757701511,2.3532500074418,1.5015379463712983,31.73495935133132,2,Grainstone/packstone,0.20962715215076716,3.050395280877667
Well_4,296.49025069637884,81.44983586997363,37.67693969030452,0.226991025066802,2.365885537702947,1.627356733558096,42.39910933106016,2,Grainstone/packstone,0.20262736647605578,2.342645163732898
Well_4,297.15877437325906,77.87301187039401,32.97485123521422,0.2284513710705381,2.3407415407585663,1.566372773762806,36.84450903329305,2,Grainstone/packstone,0.21000972022127837,3.0183533007938745
Well_4,297.8272980501393,83.4330740432611,40.71462992020342,0.2208655279334574,2.3574452557484533,1.655116946712153,45.19776364172724,2,Grainstone/packstone,0.20279741471910212,2.3284262450200846
Well_4,298.49582172701946,79.6306790443532,34.766814808413955,0.2188305022140262,2.360724368185439,1.4634395138798846,29.069630656004687,2,Grainstone/packstone,0.2013539249127948,2.3094038556427336
Well_4,299.1643454038997,78.85122342770106,25.858512851830334,0.2308467285721417,2.348785408021018,1.7038407886184932,50.56392618039861,2,Grainstone/packstone,0.21305200858067472,3.514548597926276
Well_4,299.8328690807799,82.69790355600496,31.66513142381769,0.1969979578078037,2.372661569742615,1.6148752228128125,41.19791363286464,2,Grainstone/packstone,0.1937041381519176,1.9287204114329128
Well_4,300.50139275766014,81.81119135875979,32.21598565508815,0.2217837029428295,2.348526607682404,1.4894465916167143,30.86360069970839,2,Grainstone/packstone,0.20929593295199664,3.115932329043297
Well_4,301.1699164345404,85.31734726706344,37.3925946602308,0.2316055849902368,2.3143557484575203,1.4230104193845523,26.48563680911785,2,Grainstone/packstone,0.22337452092289162,4.786735629131552
Well_4,301.8384401114206,85.59704496028452,43.96205246230244,0.25164290051589,2.296594457267623,1.3862543879883462,24.33629089877116,2,Grainstone/packstone,0.23286925405095205,5.983399782928264
Well_4,302.5069637883008,85.58534918817487,43.471110239027766,0.2337810659352056,2.329797943294204,1.6936847701794435,49.395202497677225,2,Grainstone/packstone,0.2160525647477349,3.4858624617458482
Well_4,303.17548746518105,87.8407468377215,47.540244943679696,0.2317448328670225,2.3190579084190173,1.3899638941529302,24.545048475599994,1,Packstone/wackestone,0.21882251988146692,3.829201956796734
Well_4,303.8440111420613,87.28639805090609,35.30514438442705,0.2538524753960658,2.3025084933987667,1.4807014343352338,30.24833222427691,2,Grainstone/packstone,0.23802568787899672,7.867393167116725
Well_4,304.5125348189415,88.24910821900215,30.153773114693102,0.2332953765996031,2.2918208993555624,1.6958626730935962,49.64353203617088,2,Grainstone/packstone,0.23654913704888533,7.816423879567426
Well_4,305.18105849582173,86.30159093176731,36.407811877989104,0.2421395705828381,2.3108495445186463,1.4980527062983984,31.48130350338233,2,Grainstone/packstone,0.22964369981976945,5.941560935388426
Well_4,305.849582172702,84.69876853999199,27.91228503432855,0.262008471957891,2.2910136520356725,1.4666944827801724,29.288321472953022,2,Grainstone/packstone,0.24623395437019116,10.578192802085265
Well_4,306.5181058495822,89.15996960122,26.402987504388022,0.2360026842029474,2.3012276779459384,1.5783882854457756,37.8781086498023,2,Grainstone/packstone,0.23795342649549323,8.751128499454852
Well_4,307.1866295264624,85.41919745971195,45.86024675820988,0.2483325654031609,2.262950765647896,1.464224162176554,29.122198797372867,2,Grainstone/packstone,0.24002633480144436,7.42704383489717
Well_4,307.85515320334264,94.06170321921982,42.4249322488733,0.2698827576040616,2.262195668769811,1.5441735212015468,35.00850146221959,2,Grainstone/packstone,0.2578105470192441,14.468761012029983
Well_4,308.52367688022287,91.82974005801746,27.50023944410634,0.2897367919718443,2.276478744306328,1.2495207797726442,17.763182581007513,2,Grainstone/packstone,0.2679985165257341,20.954226591904565
Well_4,309.1922005571031,92.59219176948343,49.14436848581528,0.2773290132747189,2.2334667638239862,1.2532883506887769,17.91795125134646,2,Grainstone/packstone,0.2646174399575463,15.679725136856158
Well_4,309.8607242339833,92.1138455928955,29.06589443972205,0.2850472474354052,2.2832633015671098,1.414217494856669,25.95478853585121,2,Grainstone/packstone,0.2632951048502222,18.85107754223271
Well_4,310.52924791086355,87.66321313463271,42.763943709817184,0.2436324575553971,2.296552847577655,1.3673350009139011,23.298877658149475,2,Grainstone/packstone,0.2323738340889245,6.117446787699609
Well_4,311.1977715877438,83.58325981823168,25.90773197123596,0.2457912116870649,2.315072673891184,1.397166164932929,24.955493636958533,2,Grainstone/packstone,0.23334429863215922,7.113223032472105
Well_4,311.866295264624,87.94309960855486,34.9813670171586,0.2407552626750521,2.297635101319521,1.507754031566825,32.19245012811437,2,Grainstone/packstone,0.23517610644376027,7.321757695476655
Well_4,312.53481894150417,85.70870847006303,35.09535585945031,0.2384013595367236,2.304071183217945,1.5991000627903695,39.72830741729311,2,Grainstone/packstone,0.23017174848379365,6.0497303430682186
Well_4,313.2033426183844,87.83272031022703,31.01494193707243,0.2441187362884831,2.3147576964027787,1.7195540907922775,52.42688939263124,2,Grainstone/packstone,0.2331000356910259,6.8267808964554355
Well_4,313.8718662952646,90.923083194165,20.933095155515755,0.2999828063317798,2.20847547700602,1.3856933279171957,24.304871422661645,3,Grainstone,0.2941408835550795,50.192818210496306
Well_4,314.54038997214485,95.47481611585864,26.14280258780789,0.290930063929553,2.228579339610495,1.3314470335369022,21.45097484226584,3,Grainstone,0.28617539665000497,39.260474239802384
Well_4,315.2089136490251,93.67495008924946,28.656843538044303,0.283486391292092,2.229701243637501,1.2405508009978852,17.400062209619026,3,Grainstone,0.28024365547802715,30.72368395559381
Well_4,315.8774373259053,92.75544423755396,39.49836993757208,0.3039984953140278,2.206171199120785,1.354329501714416,22.61150667568322,3,Grainstone,0.28787287875371304,35.28026997606049
Well_4,316.54596100278553,95.85055200006414,21.16778399177572,0.2904410981957462,2.2081462356034964,1.5292383134476173,33.825039579433216,3,Grainstone,0.29456237972375543,53.990056132991825
Well_4,317.2144846796657,87.60819641067694,28.225515478172152,0.2645149107219394,2.266558106107733,1.3628195517050905,23.05788939994443,2,Grainstone/packstone,0.25692412997274683,15.017623167965494
Well_4,317.883008356546,91.45341063246876,35.53599036139178,0.2799979831576531,2.265004853917543,1.340575595655589,21.906631135992733,2,Grainstone/packstone,0.2627142311126023,17.166313050989654
Well_4,318.55153203342616,91.9614238747358,21.1338124788946,0.2946641055337326,2.2578946778080446,1.5623676812331526,36.50628846945402,3,Grainstone,0.27820343505264017,31.743089329558384
Well_4,319.2200557103064,92.95296542810128,35.70833514408413,0.2762288863452872,2.251292404010941,1.421311237150403,26.38221389928266,2,Grainstone/packstone,0.26633528562851516,19.82933957343503
Well_4,319.8885793871866,90.26416114818832,21.96864772161691,0.2698364178219808,2.273777847730957,1.5343878447076904,34.228498210627826,3,Grainstone,0.26226433046625186,19.458496211524444
Well_4,320.55710306406684,91.99623497687546,25.039363806003543,0.2601153591019671,2.2791797221203005,1.4123851204308653,25.84551083722927,2,Grainstone/packstone,0.2571249666682482,16.4706247331027
Well_4,321.22562674094706,84.66296611665574,32.706201302123894,0.2416419358487653,2.299633894645524,1.4208095972371844,26.35175822535468,2,Grainstone/packstone,0.23344601646203775,6.814822145990953
Well_4,321.8941504178273,87.68712458867621,29.11251227500986,0.2427249982968334,2.2627772875762093,1.5778871334761122,37.83442460298788,3,Grainstone,0.24888499777468684,11.847607608937917
Well_4,322.5626740947075,88.80138130008537,32.86941989331937,0.2818024916033251,2.269732540203921,1.402011787867866,25.235492671606803,2,Grainstone/packstone,0.26099715304500903,16.411353224429813
Well_4,323.23119777158774,90.266612195491,18.97778808958296,0.2615740831126371,2.2716080312107474,1.443048889024031,27.73632318024684,3,Grainstone,0.2615921044369148,19.68508745079372
Well_4,323.899721448468,67.94092863929143,108.24637054464672,0.1450594068078003,2.533225246765369,1.5632543308418094,36.58089533542881,0,Mudstone,0.07245587230941869,0.025808848276145095
Well_4,324.5682451253482,87.30174159368107,21.272372392649867,0.2493520509106662,2.2894559373246484,1.6303874722529057,42.69602776872489,3,Grainstone,0.24748306854743843,11.961385037119237
Well_4,325.2367688022284,88.68301345556038,23.33985567046598,0.2803027446193075,2.275923619789906,1.2996213835876853,19.93523610260691,2,Grainstone/packstone,0.26395425076585055,19.125383346797047
Well_4,325.90529247910865,88.0616967855246,23.39569849185473,0.2690903204050047,2.2627313708839827,1.354506097991392,22.62070301601649,3,Grainstone,0.26283433439604165,18.843613791364746
Well_4,326.5738161559889,90.64641813863938,30.479210370564,0.2645391362592885,2.264473401563143,1.4069505927602808,25.52410912714728,2,Grainstone/packstone,0.25891230888995165,16.292175454678702
Well_4,327.2423398328691,90.1937698396644,38.835493343995154,0.2757959277919286,2.2393648628758918,1.279596920721088,19.03693033936231,2,Grainstone/packstone,0.2657744515140343,17.761787301399707
Well_4,327.91086350974933,92.07992952020744,33.23666869245007,0.2839810208484165,2.263678355730533,1.6353917067540975,43.190845590971605,3,Grainstone,0.26580013807744185,19.383542539262365
Well_4,328.5793871866296,93.97142462236798,32.344407097877905,0.2826702602582789,2.2250001069441807,1.1452552481734335,13.971892907444207,2,Grainstone/packstone,0.2797481728649571,27.85670696826689
Well_4,329.2479108635098,89.5493919891283,19.069130718622343,0.2780696676964933,2.2567972795283366,1.6322011519494666,42.87470569673925,3,Grainstone,0.27106484658371144,25.430965576095907
Well_4,329.91643454039,91.93039613211356,23.95393137612236,0.2989376484248967,2.2205715780340656,1.4569508132353186,28.63853600898454,3,Grainstone,0.2893215885213094,43.32794840109791
Well_4,330.5849582172702,93.86728201661448,34.323043537702226,0.2712286401849892,2.211724896317836,1.2591887554316712,18.163049035723247,3,Grainstone,0.27784795729768974,27.660341077142583
Well_4,331.2534818941504,94.3007667666236,32.41989609357483,0.3016054817580439,2.2118435719124587,1.3581462604511745,22.81110168400656,3,Grainstone,0.29055414169533056,41.682588030226796
Well_4,331.92200557103064,91.38446943868658,26.34929203858233,0.2917861641879677,2.202013293930785,1.2572687588948652,18.082928241655555,3,Grainstone,0.29062823577892394,41.70783758810921
Well_4,332.59052924791087,94.251477107836,27.545029852093112,0.3021506161323243,2.195726525926033,1.2467741074048744,17.651194780623623,3,Grainstone,0.29830248106832363,52.305286136861746
Well_4,333.2590529247911,95.66640938408756,21.948029195656687,0.2993498762623857,2.2392644447169494,1.380651111055727,24.024320392483997,3,Grainstone,0.28862584087984705,44.06490040204558
Well_4,333.9275766016713,92.88021157991768,19.004301313196056,0.3100525498898986,2.1835223623937416,1.5392525932452363,34.614064072515184,3,Grainstone,0.30767940661523496,77.08976999114569
Well_4,334.59610027855155,90.37745285367971,31.511186440071704,0.3111999079546182,2.224792635053056,1.303525316758342,20.115244545703703,3,Grainstone,0.2875586061844273,35.908199666027535
Well_4,335.2646239554317,96.54617586049234,20.68049875597975,0.3045724686581983,2.175120234729444,1.5030202761654592,31.84346187725054,3,Grainstone,0.31045889411082306,85.33058058776791
Well_4,335.93314763231194,82.95509534141097,45.30298067505528,0.2189848443080748,2.35570025321391,1.4452308535963296,27.876025530237825,1,Packstone/wackestone,0.20010124244205216,2.063027613915791
Well_4,336.60167130919217,84.1380796285411,58.80422949540076,0.2331872563932029,2.3561488267263995,1.4058407116393634,25.458963101910392,1,Packstone/wackestone,0.1991081593487229,1.7434179711272086
Well_4,337.2701949860724,78.98734087355375,47.32291335468892,0.2190260995625851,2.353948569778484,1.4824823794216964,30.37262858941828,1,Packstone/wackestone,0.19591623549794565,1.7005343696157882
Well_4,337.9387186629526,81.2624850482293,58.63295754293063,0.2033841200237657,2.374523767740479,1.3610656431947976,22.96495735010614,1,Packstone/wackestone,0.18009648175515128,0.94312444295427
Well_4,338.60724233983285,80.59973755675898,57.26495885009396,0.2230220320169208,2.3631785651989543,1.4030805553519683,25.297671881955143,1,Packstone/wackestone,0.19091312717674438,1.3240196462838005
Well_4,339.2757660167131,80.68785728728211,50.86522764466143,0.2158783118773816,2.3678738600374647,1.5820147769506048,38.19572667860667,1,Packstone/wackestone,0.19003857296741128,1.377952283373166
Well_4,339.9442896935933,74.5538345183867,94.79047085965888,0.1363021285184282,2.4932262207151874,1.74538332430377,55.63951354422221,0,Mudstone,0.09360526805381154,0.049975603269512524
Well_4,340.61281337047353,84.05751882278695,50.03837196051005,0.2129036903044742,2.3614807827032327,1.4621983427563798,28.986671098339745,1,Packstone/wackestone,0.19446801700189836,1.6663883768559893
Well_4,341.28133704735376,77.84212048647092,62.15229518130066,0.2158907965955134,2.368468940833204,1.398898485278265,25.05523527762669,1,Packstone/wackestone,0.1815557110806741,0.9166040098255497
Well_4,341.949860724234,81.35993524316797,59.09448360160977,0.1879513555331809,2.3887617788555966,1.4659372289477235,29.237297640060778,1,Packstone/wackestone,0.1697168412956504,0.6840951282624393
Well_4,342.6183844011142,77.06517526243455,54.14603311890687,0.1816212352259115,2.4156297900333423,1.533039937855042,34.1224289270464,1,Packstone/wackestone,0.1582577080859106,0.48567969834546104
Well_4,343.28690807799444,79.35829485236462,52.979847445697445,0.2006190226189977,2.3917911075488,1.2973048715561726,19.829185316694343,1,Packstone/wackestone,0.17556626315500054,0.8496013267903665
Well_4,343.95543175487467,77.50250105543122,56.0552702779046,0.1962659063703903,2.4110547140497056,1.579933872370893,38.01315113819026,1,Packstone/wackestone,0.16438752757940298,0.5713732380853505
Well_4,344.6239554317549,73.46229225498145,59.65904003864746,0.1771959756911893,2.4068587710721743,1.6414623956129335,43.79881853135597,1,Packstone/wackestone,0.1526801087079877,0.3761403753143631
Well_4,345.2924791086351,78.48003760963911,55.28131694740341,0.1863342021680075,2.4271190576788366,1.43410795974259,27.17114622891371,1,Packstone/wackestone,0.1575536049625952,0.47531395843755186
Well_4,345.96100278551535,71.67298120761319,53.94821164002093,0.1742037516895372,2.430691125217982,1.8283344416076104,67.34951019196252,1,Packstone/wackestone,0.14575864995934218,0.31560812186636966
Well_4,346.6295264623956,77.62627922273556,56.58254630511684,0.1775911288490898,2.404937847765125,1.689740069404745,48.94857684200413,1,Packstone/wackestone,0.158668693621428,0.4767559073765511
Well_4,347.2980501392758,77.35514170014848,52.15714740000901,0.1571773357680017,2.4101430609812358,1.4842828484484163,30.498806772167757,1,Packstone/wackestone,0.15202737515892478,0.41845373998010493
Well_4,347.96657381615603,76.99775995647295,62.13689039320813,0.1886248702915994,2.42091678421385,1.5975652056603673,39.58814986481772,1,Packstone/wackestone,0.15481078210265892,0.3986733793994852
Well_4,348.63509749303626,76.73130306272591,59.61579743208537,0.1708864517809854,2.415323199036973,1.6980932385601113,49.899160432827486,1,Packstone/wackestone,0.15063559056711257,0.3599221980607362
Well_4,349.3036211699164,74.52851109627308,65.18217645660486,0.1821134922397131,2.4315033047994183,1.5862491487187096,38.56995646969343,1,Packstone/wackestone,0.14542881992655354,0.28683028949758094
Well_4,349.97214484679665,73.1901644556355,60.88776084554445,0.1594457043139736,2.413048289316098,1.5122323143308831,32.5261240744341,1,Packstone/wackestone,0.1435078719051931,0.2864743913875946
Well_4,350.6406685236769,75.07154841925936,55.93680381375552,0.1598902821801105,2.446881995634169,1.4160229955750705,26.062915475760104,1,Packstone/wackestone,0.13843071099899418,0.2626619682510568
Well_4,351.3091922005571,74.00695115750926,55.48579802435208,0.1738666743721622,2.4378601423770063,1.6741328784581386,47.220749763769206,1,Packstone/wackestone,0.14510767179107745,0.312209870300008
Well_4,351.97771587743733,76.35385404229396,62.864886215643054,0.1479321889945012,2.4254310299395754,1.5817130686958625,38.169200981089,1,Packstone/wackestone,0.1371246719200138,0.2364634756268154
Well_4,352.6462395543176,72.96387476420485,59.42268156330496,0.1638088710071448,2.4419950142255,1.5111699561837932,32.44665687919827,1,Packstone/wackestone,0.13735575429622426,0.24039436195113326
Well_4,353.3147632311978,79.26619357097626,66.0725711220358,0.1604677129714769,2.4191704823172056,1.4837294192562702,30.459966352354748,1,Packstone/wackestone,0.14474013689324813,0.29351030492300006
Well_4,353.983286908078,86.27623929578209,60.65229031041412,0.1982250363866298,2.3522600615497296,1.4771637401704174,30.00293493452197,1,Packstone/wackestone,0.18771196101338108,1.2434278734489381
Well_4,354.6518105849582,77.67624842030285,56.53246776821028,0.1810072306910823,2.421218137664236,1.4743312065821834,29.807888057840884,1,Packstone/wackestone,0.15576318807663908,0.4421302226121128
Well_4,355.3203342618384,73.47151069302863,58.55013231100975,0.1702322443468215,2.401535517078953,1.3812741216322344,24.058808849257236,1,Packstone/wackestone,0.1527512426552699,0.38825685465470755
Well_4,355.98885793871864,79.35827899881002,61.83678301528734,0.1861425968408613,2.397445823495708,1.2727129805415185,18.737557584664508,1,Packstone/wackestone,0.16363856597216575,0.5415264323445502
Well_4,356.65738161559887,79.58227393919952,66.87777651321622,0.1980300478844239,2.391114249767337,1.447957941609347,28.051619644314552,1,Packstone/wackestone,0.16705786832149042,0.5688738112751772
Well_4,357.3259052924791,73.80809412932192,47.6449237722434,0.1774532283251437,2.41307641957115,1.5848419050412446,38.445180569519415,1,Packstone/wackestone,0.1579705677015127,0.5034547134507944
Well_4,357.9944289693593,77.68923454919205,55.603859916054375,0.2052767844562504,2.413413190783228,1.6848236661977558,48.39758220876804,1,Packstone/wackestone,0.16731129391907312,0.6209088541704635
Well_4,358.66295264623955,76.61230313080141,60.34182536605611,0.1918146487941276,2.411657484572608,1.3653496543993011,23.192611565449774,1,Packstone/wackestone,0.15984279713916388,0.47632724534439763
Well_4,359.3314763231198,78.57384364329451,61.115804288621874,0.2188466638325941,2.3746481449950667,1.4068906948855482,25.520589085951865,1,Packstone/wackestone,0.1820820574866799,0.9463371554003154
Well_4,360.0,80.61533485923357,50.97692959976149,0.2052923241426111,2.361898349794204,1.5992707801274035,39.74392733497073,1,Packstone/wackestone,0.1875964712915336,1.2786810871629648
Well_5,120.0,74.58665906220223,105.20897671286664,0.1778184839982476,2.4270415822816984,1.434127294825,27.172355933545443,0,Mudstone,0.12357431914646792,0.10522423302154933
Well_5,120.66852367688024,71.86125563988286,88.04152611808199,0.1615411650809606,2.453197696115501,1.2539159801660975,17.943864461935636,0,Mudstone,0.1171511870491254,0.10362528823230527
Well_5,121.33704735376044,76.40855832327699,95.60616349700508,0.1664239656786894,2.4647162207240654,1.4497739860150372,28.16916580063436,0,Mudstone,0.11514444532200643,0.09060624740921666
Well_5,122.00557103064068,75.2169071831149,92.27348802801907,0.1779677666676533,2.446853120757547,1.2983717187130264,19.877955714406912,0,Mudstone,0.1257988710222057,0.12716797635790103
Well_5,122.6740947075209,74.25274822849354,106.1269672179842,0.19118558142951,2.442522692511919,1.445017321699231,27.86232294415044,0,Mudstone,0.12332572207958072,0.10269366408782238
Well_5,123.34261838440112,75.00516332563579,99.85881141422776,0.1622145693973367,2.4479339098088038,1.324574082396328,21.11417332816716,0,Mudstone,0.11511545308783068,0.08849793363154296
Well_5,124.01114206128132,79.6426928008595,89.18326084108948,0.1729346305291563,2.42896943479179,1.4485973407232131,28.092949643730364,0,Mudstone,0.1343898207731572,0.17122577078452972
Well_5,124.67966573816156,74.86813383515626,102.726809851231,0.1585100765573821,2.476299170230301,1.446603044270883,27.96424151403613,0,Mudstone,0.10351966057300438,0.06152616523031934
Well_5,125.3481894150418,73.78315413080524,95.46424743546636,0.1789184316114124,2.465698176729401,1.4027666288837148,25.279392259382448,0,Mudstone,0.11744365973117628,0.09546812213045817
Well_5,126.016713091922,71.79969667874003,99.45424165902033,0.1126761826678753,2.492041462079555,1.3862242842013552,24.334604049968483,0,Mudstone,0.08074939089971475,0.03580485837817942
Well_5,126.68523676880224,69.73128949700295,98.25141592720465,0.1725757120251659,2.466437373951922,1.5721943006541388,37.34171849590242,0,Mudstone,0.10933838652567873,0.07279247196323231
Well_5,127.35376044568244,70.75958847878195,91.64993920446967,0.1480265414182174,2.479925022668189,1.45503719405372,28.51262446216628,0,Mudstone,0.10087968877001506,0.06239296007400312
Well_5,128.02228412256267,74.16482502794773,102.20262534935178,0.1322517362752166,2.5136429161023144,1.49947716733742,31.5847299003034,0,Mudstone,0.08225797976740792,0.03517956674928314
Well_5,128.6908077994429,68.4975670679713,102.77695514308974,0.1307141152360914,2.4996151654240863,1.6916692116473784,49.16649074395156,0,Mudstone,0.07999274536420425,0.03270433887731863
Well_5,129.35933147632312,69.40803027072246,93.27773705209717,0.1320864358203158,2.496846288775423,1.4684990600343413,29.41027328325234,0,Mudstone,0.08779626530506296,0.043691616330015615
Well_5,130.02785515320335,66.68093059969262,85.54286694781378,0.115182050870394,2.512894110068632,1.702477227255581,50.40541877326575,0,Mudstone,0.07803257782624347,0.03640363566488149
Well_5,130.69637883008355,67.44483985117387,93.0842247510187,0.1289193508730007,2.49203055490929,1.631149419798625,42.77100152411325,0,Mudstone,0.08601045912556733,0.04143383784885571
Well_5,131.3649025069638,72.14306050872972,98.99081231268872,0.1340422219006727,2.508330829347439,1.6971274591164092,49.788318501505145,0,Mudstone,0.08402198561411045,0.03723377704359315
Well_5,132.033426183844,69.74003510755159,93.8278990273052,0.1381199989690711,2.5160372473989,1.6777843098351024,47.61944285053998,0,Mudstone,0.08405998138903933,0.03872382759311275
Well_5,132.70194986072423,71.27227590273183,108.49663792959636,0.1559784543781894,2.5007512301530888,1.4449779360508814,27.85979625790167,0,Mudstone,0.08910710105776011,0.039629298652579234
Well_5,133.37047353760445,61.59863611834837,92.80767214006558,0.116197604599886,2.5295258891566608,2.06256343533132,115.49506705260156,0,Mudstone,0.06433231900972455,0.026971137810434562
Well_5,134.03899721448468,64.84862899753392,104.91446547307342,0.1309080358937393,2.501985113400273,1.8206397378629384,66.16674002282261,0,Mudstone,0.0746927042706199,0.028878927819212894
Well_5,134.7075208913649,66.4668933010133,89.87898563628704,0.113488164607421,2.538597926453729,1.826112755557774,67.00585536458266,0,Mudstone,0.06709787088864731,0.02699656098271703
Well_5,135.3760445682451,70.31317284453276,88.8198957843749,0.1267747780593151,2.495883802308261,1.5470046054872006,35.23746077884253,0,Mudstone,0.08913717680475587,0.04684469242301762
Well_5,136.04456824512533,69.04444170901212,97.56897268855452,0.1418796857323976,2.466387706759081,1.5674691381812502,36.93763948136271,0,Mudstone,0.09748052246649354,0.05382194002990581
Well_5,136.71309192200556,69.09265047362125,98.33727622800026,0.1353216880120187,2.5054035679928788,1.896284940777008,78.7562340177098,0,Mudstone,0.08258259053110857,0.03683341671789871
Well_5,137.3816155988858,63.39574183392266,99.36066546272062,0.0901143542398361,2.550817882063455,1.588702723381621,38.7884766149491,0,Mudstone,0.04726781071260733,0.0161082211661321
Well_5,138.050139275766,64.12283415148902,96.58381219667145,0.1257171820241261,2.5401396879479643,1.815201289986588,65.34333405423075,0,Mudstone,0.06556188825883222,0.024693237630316205
Well_5,138.71866295264624,69.77989506364851,91.6201880293375,0.1395016690506628,2.474989114835337,1.705502296216819,50.757742270272736,0,Mudstone,0.09769434205304772,0.05678258807615119
Well_5,139.38718662952647,70.61408770449356,82.40344606851478,0.1338817495391735,2.489204740034076,1.6135134644805254,41.06893723261141,0,Mudstone,0.0974101980460958,0.06143767002596552
Well_5,140.0557103064067,72.66328202688555,96.8319043354044,0.1651697300603287,2.474905885149241,1.530356897993171,33.91227286482744,0,Mudstone,0.10753885905481694,0.07079760725491029
Well_5,140.72423398328692,72.8927997225399,83.99197336909704,0.1522858066054197,2.4696583034985253,1.4402764051140216,27.55982179930117,0,Mudstone,0.11159427066966518,0.09036736602777214
Well_5,141.39275766016712,70.30870737994559,96.59847240699794,0.1329625469296117,2.503014418299815,1.6235272607796305,42.02689072399723,0,Mudstone,0.08499171943971644,0.038928008978926204
Well_5,142.06128133704735,78.12943421100367,97.98814522339192,0.1724179299978745,2.435185109404671,1.387149746400851,24.38651529808478,0,Mudstone,0.12635709547604373,0.12442190205691363
Well_5,142.72980501392755,75.07007349618797,98.88390641642472,0.153466508435638,2.458086632533857,1.2979917736735118,19.86057297467711,0,Mudstone,0.10949427781655117,0.07710493623951961
Well_5,143.3983286908078,73.88781643510464,95.207908346954,0.1517423913507805,2.476108593604736,1.6981632710850223,49.90720761306182,0,Mudstone,0.10371612263383516,0.06489087715608932
Well_5,144.06685236768803,71.88118282425725,91.04646007243684,0.1650540782843128,2.431199015471674,1.4843906954188075,30.50638138451168,0,Mudstone,0.1227605694206203,0.11502563173068138
Well_5,144.73537604456826,76.21865968144883,93.98177825079176,0.1580549162821362,2.4756180550997566,1.6005936065516453,39.86516872629607,0,Mudstone,0.1092021674895819,0.07701044985205975
Well_5,145.40389972144845,76.13837811015763,94.43449926927237,0.1630312890136026,2.453270869949651,1.3143698164325972,20.62385356604016,0,Mudstone,0.1178705307698919,0.10078787068705691
Well_5,146.07242339832868,72.89071775762095,97.55077212481632,0.1625442087097375,2.439639280291079,1.5067630916416934,32.11907959561169,0,Mudstone,0.11664782073860866,0.09151210746568725
Well_5,146.7409470752089,73.33497941708205,108.91169000871297,0.1659768708969535,2.449249137192837,1.4111549249007915,25.77240366240217,0,Mudstone,0.10954088546620366,0.06900143911992228
Well_5,147.4094707520891,75.05070899194317,98.77245630164995,0.170955260258063,2.429669858085564,1.2212019235515146,16.641862275157848,0,Mudstone,0.12459166790968922,0.11811238589661666
Well_5,148.07799442896936,71.11370621932677,95.64309044339906,0.1705375492012906,2.461359764021051,1.351331863370418,22.45597227190993,0,Mudstone,0.11316382290579426,0.08471241399948956
Well_5,148.7465181058496,78.17024219527406,90.27566191957666,0.1584606383799364,2.433529667861277,1.3637717914479142,23.108501895375237,0,Mudstone,0.12584773303985533,0.13286335087178086
Well_5,149.41504178272982,76.48968691041195,108.50378873489554,0.1589565352337672,2.453772490723437,1.454111682432789,28.451926783053604,0,Mudstone,0.10849861787122278,0.06805705151020128
Well_5,150.08356545961004,77.45454782801099,100.35061798399778,0.1670888190241959,2.428968657626455,1.4772128239973614,30.00632604850192,0,Mudstone,0.12405849629740925,0.11306541852188348
Well_5,150.75208913649024,78.54349634950215,90.90777036721796,0.1474770184905562,2.467266116655509,1.4007077956046428,25.159835403002244,0,Mudstone,0.1117868234954928,0.08858867506050283
Well_5,151.42061281337047,84.12967226190224,50.8561902632791,0.2318272570135638,2.3530444852399888,1.3495043352097889,22.361675204589087,1,Packstone/wackestone,0.2039538474751051,2.198987362745247
Well_5,152.0891364902507,75.53756279730618,86.18275826620815,0.1636250701601772,2.4330203109314623,1.348907610497076,22.330971150689845,0,Mudstone,0.12788605848319606,0.14360484617795471
Well_5,152.75766016713092,69.61823772599526,88.35602365612144,0.1510515923997711,2.457865696713239,1.472714136893799,29.69710653067931,0,Mudstone,0.10918648642074383,0.0804585366999955
Well_5,153.42618384401115,78.4856016894489,92.61120497092875,0.1557481491865696,2.4559172171680004,1.6259073023626844,42.25784077296528,0,Mudstone,0.11676121587930444,0.09799409576846783
Well_5,154.09470752089138,68.71025173506835,101.68854624636435,0.1312392627146941,2.4803853541197585,1.4799196187384456,30.193928252831665,0,Mudstone,0.0870121847396714,0.04001642494278834
Well_5,154.76323119777155,72.08438591565616,94.1781568487771,0.155127665923929,2.480316818546509,1.7329281942041976,54.06649225817956,0,Mudstone,0.10266488409039501,0.06323252632627718
Well_5,155.4317548746518,71.50566521951608,91.460283668815,0.1363584378819553,2.483355257857704,1.603356982100432,40.11963581791519,0,Mudstone,0.09590874150653159,0.05439497214342457
Well_5,156.10027855153203,78.35040201444102,40.07623318103445,0.2002807815253799,2.3531779021207315,1.5852511441594386,38.48142484056823,1,Packstone/wackestone,0.1922088793865138,1.6282206546824245
Well_5,156.76880222841226,81.26164374396619,57.458830964829644,0.1909837134859255,2.380058158721938,1.4495520177987498,28.15477219871124,1,Packstone/wackestone,0.17423807484528472,0.8005064859361777
Well_5,157.43732590529248,80.95807161780559,61.96801389506038,0.1971064485146441,2.370289983151429,1.5536098003352763,35.7774843430027,1,Packstone/wackestone,0.17644188907797492,0.8110562989477644
Well_5,158.1058495821727,79.78226479891396,58.19841884382674,0.1703003673156605,2.419830462456797,1.453882995016098,28.43694873219004,1,Packstone/wackestone,0.1531078363429097,0.41054239356527134
Well_5,158.77437325905294,76.5927970891565,51.93798157086204,0.1795254123179146,2.4128674519208024,1.458486536363743,28.739984949233637,1,Packstone/wackestone,0.1592113273177172,0.5125945289575743
Well_5,159.44289693593316,75.49107748509138,50.31576594849927,0.1795565293950368,2.4105823113147897,1.6360053400230905,43.25191491961654,1,Packstone/wackestone,0.1594191093949279,0.5148387593729565
Well_5,160.11142061281336,81.17753637166282,64.61644041048383,0.1802915668250985,2.406773136431421,1.531511982362612,34.00258871281296,1,Packstone/wackestone,0.15825626740163107,0.4513747137596964
Well_5,160.7799442896936,74.57155922378797,56.61645657689764,0.2023913055987676,2.4217903853326264,1.466957881536808,29.306090170625605,1,Packstone/wackestone,0.1609204473386791,0.4998718594675256
Well_5,161.44846796657382,76.78779473560472,55.74642238867189,0.1796721862784599,2.409509605538408,1.4894988917870984,30.86731769092106,1,Packstone/wackestone,0.1582667970679844,0.47870830296230454
Well_5,162.11699164345404,73.83446074469457,47.92212040719468,0.1649823737281386,2.420710794262775,1.4529739945858704,28.377490998490405,1,Packstone/wackestone,0.15117276284804348,0.41429438163447946
Well_5,162.78551532033427,77.23289202004088,58.91132616087097,0.1977389333832802,2.40354141262021,1.521921175188858,33.25991807862758,1,Packstone/wackestone,0.16545032382492914,0.5739341905532281
Well_5,163.45403899721447,77.43961505584173,56.88433883714493,0.1753772772390976,2.4150194381314822,1.4974924882323022,31.440720383957668,1,Packstone/wackestone,0.1549764032486204,0.43042442102910805
Well_5,164.1225626740947,69.77821941455544,67.88902413917113,0.1672215791000972,2.443964406482363,1.37229762150784,23.56663749588169,1,Packstone/wackestone,0.13091072170146795,0.18133419782957866
Well_5,164.79108635097492,78.09341168850777,53.56009334731248,0.1905952866171104,2.411197982653437,1.3500651045666998,22.39056767734688,1,Packstone/wackestone,0.16457194419748777,0.5984365720743591
Well_5,165.45961002785515,78.19776388177483,68.47343593949688,0.1994370570957456,2.3861091677169477,1.452601049165263,28.353132612803424,1,Packstone/wackestone,0.1669328488511743,0.5507226233661284
Well_5,166.12813370473538,77.43808822317276,53.361210349191154,0.1866145958147131,2.448515657188832,1.7801889498645778,60.28218006035254,1,Packstone/wackestone,0.15083430486627325,0.38082868639803896
Well_5,166.7966573816156,76.52215391729972,57.87972457700903,0.1977523482186193,2.377253001757248,1.4382206367293398,27.429673409937305,1,Packstone/wackestone,0.17320330153081345,0.737243325962159
Well_5,167.46518105849583,80.91727575599128,63.156076701874746,0.1938575096301259,2.3543810970394707,1.2380297808586076,17.29934981912097,1,Packstone/wackestone,0.17981430723008973,0.8893940513786156
Well_5,168.13370473537606,78.48430776958254,55.88501481600316,0.1839299544740102,2.379085804198892,1.4326282224328657,27.07872566501825,1,Packstone/wackestone,0.17027347153683875,0.7043422981184363
Well_5,168.80222841225628,76.43385325144368,40.19399268486961,0.2056185061241034,2.3806801933139377,1.512639945827788,32.556667628361616,1,Packstone/wackestone,0.18463005890179404,1.2575464106012295
Well_5,169.47075208913648,76.45728550644671,62.04690894636927,0.1925823627866633,2.4053247281788157,1.4896351582789045,30.87700430038568,1,Packstone/wackestone,0.16063996645539655,0.4778966476560063
Well_5,170.1392757660167,86.74118891257152,50.12411739835207,0.213440456422009,2.3737866198005992,1.6358274015226792,43.23419743808579,1,Packstone/wackestone,0.19306602309272672,1.6120629392695738
Well_5,170.80779944289694,81.3299610430218,57.48266052260481,0.2027144703225107,2.373884449611087,1.4505773985988244,28.221324898667262,1,Packstone/wackestone,0.18052759819525602,0.9699351515272987
Well_5,171.47632311977716,76.93691866622004,49.81915576752104,0.2184475289617343,2.3569765591284217,1.3782805283568944,23.893541649701152,1,Packstone/wackestone,0.1918504674736637,1.4230854010008007
Well_5,172.1448467966574,82.03119300723966,49.221027676445054,0.1965113878262793,2.354963568174975,1.401265743242042,25.192179567039982,1,Packstone/wackestone,0.1889183994803532,1.3932764812467988
Well_5,172.8133704735376,90.2177060232216,47.65593186447169,0.2865297259324127,2.2685463527148264,1.5992123197036627,39.73857776098984,2,Grainstone/packstone,0.2558870539832774,12.213335367488066
Well_5,173.48189415041782,80.42332633679159,44.741604672605135,0.2185509394063372,2.336797360194364,1.4295986193384371,26.8904840128681,1,Packstone/wackestone,0.20351911345203533,2.256391803253077
Well_5,174.15041782729804,84.92723019288688,55.97967313097264,0.2170386816402235,2.341271092763177,1.3643358592200885,23.138535041678733,1,Packstone/wackestone,0.1996385882028486,1.8563595912680406
Well_5,174.81894150417827,85.98369277814821,63.607438807947794,0.2154153077965344,2.3665120495894296,1.3570286763042676,22.75247659575018,1,Packstone/wackestone,0.1884710539650308,1.216439192679806
Well_5,175.4874651810585,82.99823433835833,60.29416163643368,0.2225286068748528,2.3221147249736287,1.3364565966006876,21.699843244537718,1,Packstone/wackestone,0.20327182510008623,1.9421094860654942
Well_5,176.15598885793872,75.6534722622281,45.91853119807382,0.1598330098566284,2.4109232918013497,1.5348597940998898,34.26571466202224,1,Packstone/wackestone,0.15460155627942326,0.4751097040245441
Well_5,176.82451253481895,83.7934780000955,63.580616701548514,0.2258349614003699,2.3196546790435004,1.4118953368504483,25.8163795173513,1,Packstone/wackestone,0.20398983363071047,1.9457656253948907
Well_5,177.49303621169918,78.34488210235777,42.66650317199566,0.2370241566389836,2.365790694388774,1.3898108111063854,24.5363981961,1,Packstone/wackestone,0.20147647051134612,2.0782131583203256
Well_5,178.1615598885794,82.3683950593554,40.94845716450503,0.2152951416640169,2.3413250084131105,1.3998690847376671,25.11129353706793,1,Packstone/wackestone,0.20483481952274019,2.4953116686821746
Well_5,178.8300835654596,82.73751661224743,59.72286767846578,0.2257024951629108,2.3310936745399125,1.323640000100148,21.06880968197519,1,Packstone/wackestone,0.2019752460677657,1.8619455268685188
Well_5,179.49860724233983,83.43920993889536,66.66446915069568,0.2038571858519701,2.3612219104725405,1.2786557558655514,18.995719846021885,1,Packstone/wackestone,0.1818560810513814,0.934604765948676
Well_5,180.16713091922009,82.16993847322703,51.67205412471706,0.2144085631144772,2.37430134130958,1.5158867606846549,32.80097556619278,1,Packstone/wackestone,0.18862937651324538,1.3311346115204163
Well_5,180.83565459610028,78.95569372705108,47.58869354348284,0.2052888666173149,2.359068844256207,1.484740751150987,30.530980450492216,1,Packstone/wackestone,0.18903876296321923,1.373879103043451
Well_5,181.5041782729805,79.81427298148883,54.01291517494936,0.1974439900338391,2.395680168945231,1.5493861441700194,35.4312230640024,1,Packstone/wackestone,0.1725374535837307,0.7690724415419672
Well_5,182.1727019498607,78.19595894538243,67.56902465959834,0.1970798888726438,2.3597624454599333,1.4769441749926286,29.987770259261467,1,Packstone/wackestone,0.1741347300648845,0.6980879118458262
Well_5,182.8412256267409,84.38404706451271,56.98749332227015,0.2108980382791688,2.345038780029953,1.4474414162083962,28.018276459725172,1,Packstone/wackestone,0.1950041883824524,1.5872299342178318
Well_5,183.5097493036212,74.923257173188,45.88123802932945,0.1820134334098899,2.3842306957383776,1.619271393282279,41.61705968074953,1,Packstone/wackestone,0.16996394239926133,0.7454900011524139
Well_5,184.1782729805014,77.7098424884069,49.81519534547604,0.1533677019381849,2.4574307191766867,1.7111028143957512,51.41653601144877,1,Packstone/wackestone,0.13795882979509727,0.2751507086559293
Well_5,184.8467966573816,77.08299602294176,62.34487100389481,0.170295307900252,2.4284819820709624,1.550689450603184,35.5377109457142,1,Packstone/wackestone,0.1457204084718075,0.3054918274362141
Well_5,185.51532033426184,76.71160635708877,55.46129434193266,0.1935375021701698,2.416090993894444,1.42160391743357,26.39999942638624,1,Packstone/wackestone,0.16184705271103664,0.5321615036250378
Well_5,186.18384401114207,74.41981682292814,49.4427640725078,0.1955944191618315,2.402028065541551,1.6015707642255756,39.95496588861175,1,Packstone/wackestone,0.16758744019839528,0.6601226136787612
Well_5,186.8523676880223,83.00772227730619,31.40206671506052,0.2318527147023384,2.336604313121424,1.5647137054265865,36.70402613222129,2,Grainstone/packstone,0.21792856166113034,4.151137547892353
Well_5,187.52089136490247,84.76764822714154,37.69464751414331,0.2290590802584608,2.342386494089081,1.5529236662040795,35.72100475882434,2,Grainstone/packstone,0.21333545281572486,3.4384365456320762
Well_5,188.18941504178275,80.59031443547629,29.4137013914482,0.217349346519244,2.368672989020763,1.691895544583082,49.19212058001494,2,Grainstone/packstone,0.20177929967775818,2.4393997654446467
Well_5,188.85793871866292,82.79320865817776,41.50565001465505,0.1940829556930521,2.363722026404002,1.4620421277802755,28.976246517703792,1,Packstone/wackestone,0.19022122490223387,1.5859004546915751
Well_5,189.5264623955432,86.12283667587934,46.14344234643119,0.2376090563041172,2.3216484325932134,1.5011957859834046,31.709966702000067,2,Grainstone/packstone,0.21929638794035913,3.873250581689713
Well_5,190.1949860724234,86.1598169828478,50.61180011740037,0.2294115729965947,2.32389180859837,1.3348034604267245,21.61740008853412,1,Packstone/wackestone,0.21347602920011266,3.0564113673949915
Well_5,190.8635097493036,85.56164557211952,26.282772566021936,0.2371905397138614,2.324692849229405,1.6298667153097393,42.64486219155344,2,Grainstone/packstone,0.2283458760603094,6.163913378106486
Well_5,191.53203342618383,88.41500652582884,42.47443824315902,0.230167687052362,2.3185600312163355,1.4885476468802574,30.799782304469492,2,Grainstone/packstone,0.22144121496360694,4.430988434941356
Well_5,192.20055710306409,84.24584265735726,24.483205578752955,0.2521168904115906,2.321406420225116,1.5648362904213635,36.71438776033175,2,Grainstone/packstone,0.2349164613206136,7.617771116784336
Well_5,192.86908077994428,94.99009954138307,25.89908576889429,0.2761794061610463,2.246339903243124,1.4655359184606207,29.21029334859725,3,Grainstone,0.27483764956034806,28.82569939439907
Well_5,193.5376044568245,82.48853468177691,22.9893900878418,0.2464371037287019,2.294251652700408,1.3671727227677235,23.290173443530115,2,Grainstone/packstone,0.24032578295021206,8.955427255245041
Well_5,194.20612813370477,86.08771784185575,31.93082727345919,0.2346947585311639,2.36021523637598,1.3832004635779132,24.165760309553853,2,Grainstone/packstone,0.21497938864312524,3.859919193914127
Well_5,194.87465181058496,89.12218960374977,32.731238352245434,0.2465288528110088,2.285179689324158,1.302147000088653,20.05150616321526,2,Grainstone/packstone,0.2436996714696225,9.657826830521037
Well_5,195.5431754874652,86.26703365187747,30.424494073364333,0.2654256544146854,2.270253899996451,1.359605412365486,22.88787180739424,2,Grainstone/packstone,0.2538080880422472,13.125798919671091
Well_5,196.21169916434545,85.55846317793677,40.93165983338034,0.239822848294269,2.2969262846163696,1.4126911996568847,25.863732487721435,2,Grainstone/packstone,0.22985597441730113,5.666049317491266
Well_5,196.88022284122565,86.9765236182432,25.15402278733268,0.2623759370801576,2.2613994764536183,1.380200951904071,23.999431370957776,2,Grainstone/packstone,0.2586934470040641,16.294109857596816
Well_5,197.54874651810584,84.63389107147057,24.59990164360245,0.254198089404879,2.295302170704178,1.315905718419746,20.69691987765644,2,Grainstone/packstone,0.24409891700757402,10.006545544460582
Well_5,198.21727019498607,96.49517852067572,16.90353969981461,0.3126395598280925,2.215751361352923,1.389985759199707,24.54628425492828,3,Grainstone,0.3039750424984436,71.73889469144996
Well_5,198.8857938718663,90.93065732836602,26.6678714207585,0.2812423642671363,2.213389705426176,1.5042666261048456,31.934978352673195,3,Grainstone,0.2822217710908705,34.40672083051497
Well_5,199.55431754874647,94.3049920471456,21.772764960911463,0.3108652699015078,2.1957134138164625,1.3326300833913447,21.509488524365985,3,Grainstone,0.3046354979313132,68.02006949853724
Well_5,200.22284122562672,97.11949439011792,27.23644980278619,0.3223586771173675,2.209267435123151,1.399617374138428,25.09674362301995,3,Grainstone,0.30442803477746766,66.20058523389035
Well_5,200.89136490250692,99.24991104081607,23.09821872556049,0.3099080432003996,2.210111240740962,1.3375049970906197,21.752290625535288,3,Grainstone,0.3037478495513617,68.15914060483894
Well_5,201.5598885793872,94.60580379426244,16.870892791993224,0.2944763775794446,2.186650241418992,1.3181756032334762,20.80537764577878,3,Grainstone,0.30403049112394437,70.59674082684404
Well_5,202.2284122562674,91.85682707899524,22.519281650149235,0.302577407841032,2.200500336756642,1.3977204246740609,24.987362923980484,3,Grainstone,0.2973787839684049,54.965454079706895
Well_5,202.89693593314763,94.0336495209684,20.85045231671345,0.3125906011050126,2.164720653345051,1.401787397960233,25.2224574443753,3,Grainstone,0.31441128527622664,91.82990557383819
Well_5,203.56545961002783,95.29810658563382,24.859183364356078,0.3042814333512696,2.184060081186721,1.458708155133405,28.754654593371463,3,Grainstone,0.3044502625480811,68.64315248481644
Well_5,204.23398328690809,98.8477059781682,32.52304162123893,0.3339541718412608,2.170793504272726,1.2075592621084017,16.12721077867607,3,Grainstone,0.31905600251769006,87.563636983544
Well_5,204.9025069637883,90.15015210829112,24.83158979249612,0.2867561608417946,2.195024924745938,1.308130018770408,20.32965547607133,3,Grainstone,0.29037593464294287,42.501407328119974
Well_5,205.5710306406685,95.1817109875018,26.53019467382681,0.3289956143173042,2.186569947440727,1.327630059096388,21.263270255756904,3,Grainstone,0.31235739754451564,79.95310260623694
Well_5,206.2395543175488,97.80131843727575,30.23525733290154,0.3273035375869827,2.174829119602621,1.3441102850641256,22.08565506583576,3,Grainstone,0.3153926054029857,86.57754636999948
Well_5,206.90807799442896,95.37966108120612,35.06122729324571,0.3121032008302654,2.195916193630111,1.28915330729111,19.460469209503948,3,Grainstone,0.2988242422211008,50.475139934033315
Well_5,207.5766016713092,92.82112370718102,22.5315734278687,0.2940801644506516,2.216297939796016,1.2973075243433092,19.829306439044696,3,Grainstone,0.29062841861727473,44.48717860199526
Well_5,208.24512534818945,72.57340460639547,95.61741695876164,0.1573258160246327,2.461045595200315,1.5323559483084233,34.06873030504106,0,Mudstone,0.10917020655626596,0.07521525995799018
Well_5,208.91364902506965,97.72065447413392,32.73771246594149,0.3126670258105239,2.1935282806443146,1.1623372068908848,14.53239543941532,3,Grainstone,0.303351943630245,55.77840037516434
Well_5,209.58217270194984,92.83378259838864,30.100666323708595,0.2904518482617087,2.227267509212895,1.162880504581445,14.550586684780436,3,Grainstone,0.282220681851469,30.35942809857383
Well_5,210.25069637883007,94.94712597889009,12.153688858038702,0.2965017304270138,2.207523198665397,1.3542668739772796,22.6082462027671,3,Grainstone,0.3015417491597696,69.18680922999239
Well_5,210.9192200557103,92.82117847836508,28.315016590071693,0.272634068467582,2.2390479568071897,1.2062833036152862,16.079898520748294,2,Grainstone/packstone,0.272912014747892,24.33848259729446
Well_5,211.58774373259047,93.47055426533218,27.41903900180594,0.2680439867341275,2.239004452940624,1.4701979345243756,29.52554579542687,3,Grainstone,0.27169090521165096,25.651780023821924
Well_5,212.25626740947075,92.9683959110534,28.031758075269455,0.3022334932395439,2.2171747421497807,1.352086479375383,22.49502495946308,3,Grainstone,0.290472850154114,42.67565041939449
Well_5,212.92479108635095,86.92925923690474,27.405031963625863,0.2790012281666983,2.259779393917654,1.6101944077521302,40.75626784932813,3,Grainstone,0.263710396079175,18.41382361267463
Well_5,213.5933147632312,89.38563259774102,21.714548136191656,0.2665035128145993,2.249685733976334,1.5799143694191795,38.01144411211491,3,Grainstone,0.26726131900124633,22.5227387900769
Well_5,214.26183844011143,91.79578079310444,27.83800138292304,0.2602280993166016,2.2712583707941025,1.4487826870092075,28.104941587787224,2,Grainstone/packstone,0.2576829552310824,16.367438936116603
Well_5,214.9303621169917,88.61037874579142,39.224778433462205,0.2810834441715179,2.252513126302667,1.461207669865168,28.920624710835,2,Grainstone/packstone,0.26195544196130816,15.991679973453037
Well_5,215.5988857938719,87.8638299598604,20.409446730800635,0.2961351014621295,2.260471369381424,1.4258297480976578,26.65813408835234,3,Grainstone,0.2750575683170852,27.769084680074144
Well_5,216.26740947075209,90.18120647961103,23.14191807631195,0.2742487147918831,2.27323069922993,1.4423076095710334,27.689021566971025,3,Grainstone,0.2635769141358113,19.96072552232197
Well_5,216.9359331476323,91.38225988226924,26.58459857652801,0.2857670910792556,2.2643731308515678,1.442099763425537,27.67577323035303,3,Grainstone,0.26970456830260475,23.439341579515848
Well_5,217.6044568245125,90.75347856185348,22.816836603843434,0.2616826210735786,2.2566477655963304,1.4672676808604084,29.32700281461957,3,Grainstone,0.26426097099325907,20.81532888996396
Well_5,218.2729805013928,88.04321382444954,21.384151310359428,0.2766947130832329,2.2443956678112125,1.4371100941407733,27.359622079079625,3,Grainstone,0.27195520048884847,25.626323121801857
Well_5,218.94150417827296,88.14234011484331,13.32579928255598,0.2845510109571205,2.228702314064045,1.3938436460979506,24.76530301226304,3,Grainstone,0.2840830409383302,39.124602913084985
Well_5,219.6100278551532,88.6277286694528,24.99312230670642,0.2616066645002198,2.2799070317961494,1.444510371385317,27.8298183344048,2,Grainstone/packstone,0.25444343086425425,14.679007400210212
Well_5,220.27855153203345,92.10409184503932,17.13901916619232,0.2807441269567526,2.23838333478019,1.4831210581965817,30.41732780791829,3,Grainstone,0.2810712699184353,36.548927558713025
Well_5,220.94707520891365,92.0292601705218,23.6141808148453,0.3018462570108059,2.205929726040645,1.53941205524599,34.62677581903628,3,Grainstone,0.2947778675839543,50.95789208929918
Well_5,221.61559888579387,97.67505207678416,29.37172097419272,0.2905441238958238,2.215034880696054,1.4047680833985994,25.396161687684533,3,Grainstone,0.2899974449378469,44.23638066313155
Well_5,222.2841225626741,92.63929361290312,21.32633427139517,0.288283721565079,2.214856091271149,1.3293447287180071,21.34738726407915,3,Grainstone,0.2892780987841731,43.86717677560627
Well_5,222.95264623955435,97.76579780442644,21.819069570047308,0.309245052419256,2.1760931249269606,1.4186663871090002,26.222034660569143,3,Grainstone,0.3125886421981703,89.6615596975334
Well_5,223.62116991643452,97.7027759620503,34.5710071058069,0.3070823002052294,2.1919414056775914,1.307680288386178,20.30861415072408,3,Grainstone,0.3003673972065511,54.73151174954313
Well_5,224.2896935933148,101.27881282706262,30.492074871532765,0.3114468026716324,2.187146903357658,1.1930772134528094,15.598298011668197,3,Grainstone,0.3090679671090777,69.95999040570895
Well_5,224.958217270195,99.40872558837088,19.898140689976536,0.3022417577672371,2.190645671070965,1.323299736924326,21.0523090522254,3,Grainstone,0.30841660692911355,80.35902076805593
Well_5,225.6267409470752,91.2141791808801,20.694988837949083,0.2812492010643246,2.20638427892077,1.4623704470771748,28.99816035311801,3,Grainstone,0.28786773222571804,43.060422347639644
Well_5,226.29526462395543,95.8348440949808,30.19763502992407,0.2954394281369963,2.237625438729032,1.405431846117806,25.435006099701184,3,Grainstone,0.2832029135015392,35.167599553987785
Well_5,226.9637883008357,97.97162839662316,51.49399400713595,0.3302893234488843,2.18221052807228,1.326091153492453,21.18805801919512,3,Grainstone,0.3029413257806157,48.680134101940105
Well_5,227.63231197771583,94.42881111498308,35.600625632389395,0.3099929731005048,2.198702512426523,1.3968265739114565,24.935987634775028,3,Grainstone,0.29584590971588837,47.326129648525146
Well_5,228.30083565459609,96.35109594275852,20.338769440788585,0.3217365742208508,2.177897684436396,1.1428243920015304,13.893907142012385,3,Grainstone,0.316940827166787,87.63276999763443
Well_5,228.9693593314763,97.03569028772198,32.690557776019816,0.3147976137277727,2.178976212044585,1.3106512713275638,20.4480204741309,3,Grainstone,0.30749081275725526,67.49317856343785
Well_5,229.6378830083565,103.13403415279724,22.696757198178236,0.3366727537451119,2.1501887838678115,1.3885465142150153,24.46507290138662,3,Grainstone,0.3348739489172481,161.3905712770937
Well_5,230.3064066852368,95.04355196521182,29.072350500461223,0.3060758199339698,2.1947075881462137,1.4382161099137487,27.429387501570297,3,Grainstone,0.29955010569452684,57.01092031533455
Well_5,230.974930362117,99.35348550916662,31.19192359789988,0.3077355113913644,2.180886014480354,1.3718888732691512,23.544467539105057,3,Grainstone,0.3070062613596299,70.47587136200976
Well_5,231.6434540389972,93.13132201939707,10.146342621002296,0.2911770216483917,2.220378877416576,1.446374888811173,27.949554431818484,3,Grainstone,0.295075980784192,58.62429576324811
Well_5,232.31197771587745,96.22308009440655,20.661453166177555,0.3043823333450716,2.195938020615548,1.5601696748457052,36.32199337286215,3,Grainstone,0.30394065162629175,70.30225815592893
Well_5,232.98050139275767,96.78171646903569,26.767582122750383,0.3029748336638199,2.212594899440811,1.4114647708677046,25.79079745957992,3,Grainstone,0.2960387691564397,53.22524256102418
Well_5,233.6490250696379,94.00319773576228,16.428258254380193,0.2910886572881023,2.231864988931767,1.33431712123626,21.59320566550845,3,Grainstone,0.2892813102864638,46.23830793785799
Well_5,234.31754874651813,94.79340072374814,25.252515520371077,0.2763761543258016,2.23681347656368,1.3278626234417503,21.274659769122984,3,Grainstone,0.27815082756375575,31.278440029148978
Well_5,234.98607242339835,91.42571003011376,33.44571470112038,0.2859655287793341,2.2355581316448245,1.4951814534362258,31.27385753418527,3,Grainstone,0.27432446886241196,25.44196279817673
Well_5,235.65459610027852,89.15214488332299,22.76672931953206,0.2747018241694736,2.230918349517008,1.4197667415994129,26.28855661329984,3,Grainstone,0.2753806042374493,28.435437411016228
Well_5,236.3231197771588,91.23146056773363,21.836738978581767,0.2702615212618687,2.267592742151725,1.3756247218307491,23.74787322480207,3,Grainstone,0.2654908578566338,21.521028899896177
Well_5,236.99164345403895,91.13091047450268,23.29651555964349,0.2726984950931387,2.266823641291745,1.631873861921728,42.842406927114496,3,Grainstone,0.26520768309850506,20.858723388708334
Well_5,237.6601671309192,93.4340059901546,28.083015720355945,0.282630928627008,2.2428360056047354,1.4889634388432935,30.829284024592013,3,Grainstone,0.2756761606074922,28.480704423629387
Well_5,238.32869080779943,88.08207388437616,16.159886450643935,0.2647464313864953,2.271743102319482,1.4666426992386308,29.284829458528154,3,Grainstone,0.2623066736884472,20.143040714224956
Well_5,238.9972144846797,86.98403656198258,22.737835398030743,0.2738303467303483,2.2640549123506,1.4803715436213027,30.225364271904468,3,Grainstone,0.26338348199916206,19.309041835856778
Well_5,239.6657381615599,88.30596199516877,27.406287617272167,0.2545796067179433,2.26702247118465,1.566909935483802,36.89010874821636,3,Grainstone,0.2536554713740348,13.994564171143386
Well_5,240.3342618384401,90.99633401277254,26.494121629060317,0.2748880581727443,2.2994941254394345,1.5667092557535525,36.87306642503528,3,Grainstone,0.254815882295322,14.769855651852284
Well_5,241.00278551532037,93.39260485733432,21.44031894373503,0.3050581058407461,2.229313457751477,1.3936415851494748,24.75378332482816,3,Grainstone,0.29191223517324877,47.73243021953726
Well_5,241.67130919220057,90.07246889031916,22.13223268291236,0.2857608505199487,2.2220916268683832,1.4566907406000122,28.621391260020644,3,Grainstone,0.2832271638199608,36.441098998423385
Well_5,242.3398328690808,93.50415585176012,33.1026403997008,0.2996092929095708,2.23101252566724,1.2806493324102255,19.08311785307488,3,Grainstone,0.2833105838851855,32.321514202894235
Well_5,243.00835654596105,76.37209042988073,55.722637475313725,0.168141588179256,2.4409104191159554,1.6120644272902178,40.93213777734102,1,Packstone/wackestone,0.14415315268163248,0.3092441448105432
Well_5,243.67688022284125,75.45583452888665,41.43203585862852,0.1954119565567365,2.4243760341640845,1.703810963617585,50.56045384209995,1,Packstone/wackestone,0.16611124624633355,0.682126795342445
Well_5,244.34540389972145,73.89103860114929,63.88205833995181,0.2102641609222416,2.385005250060678,1.4627686246128822,29.024759150071063,1,Packstone/wackestone,0.17002427796397676,0.6102760327375164
Well_5,245.01392757660167,84.13207974110604,33.74582748806018,0.2419421181995042,2.3435796014520065,1.4771203325738378,29.999936300490745,2,Grainstone/packstone,0.2196323691244562,4.318502205827009
Well_5,245.6824512534819,76.62850666353732,45.40245309121018,0.1917634681481031,2.3812816436329687,1.5038973291515385,31.90783438032881,1,Packstone/wackestone,0.17654141837554516,0.9340507093793861
Well_5,246.3509749303621,77.22112201194724,56.22586444765148,0.1874238087466028,2.399048360073172,1.5478262841321009,35.30419263396646,1,Packstone/wackestone,0.16424603349099223,0.5710749949984382
Well_5,247.01949860724235,74.45036148723382,60.13896900804031,0.1683339132322722,2.441850938441842,1.8047356891582305,63.78751583588588,1,Packstone/wackestone,0.1394209444175284,0.24978696376870713
Well_5,247.68802228412252,81.11136503033123,53.48436221946324,0.1965322153936328,2.3819202086855813,1.50342974608313,31.87349930347093,1,Packstone/wackestone,0.1777284113183112,0.9249427767325952
Well_5,248.3565459610028,80.50409059318375,54.7745681555227,0.2011509659024105,2.3758629726686964,1.5697146531004358,37.12911974332534,1,Packstone/wackestone,0.17985456925139295,0.9649388552627665
Well_5,249.025069637883,85.55261029691972,54.95997039550261,0.2405806864813003,2.339683078518821,1.3142557806049944,20.61843892329749,1,Packstone/wackestone,0.21025088247020302,2.590391005502513
Well_5,249.69359331476323,79.4565855250015,42.758248366283375,0.2049588238592024,2.368061482457827,1.6459172096526236,44.25040089772477,1,Packstone/wackestone,0.18904661842984594,1.4326169068292427
Well_5,250.36211699164343,84.20716978160338,53.84448453158743,0.2150989271340525,2.3663862017227117,1.2986777412626351,19.891967512054663,1,Packstone/wackestone,0.19227327445380216,1.4808709771402606
Well_5,251.0306406685237,78.73608510091955,55.77513419340525,0.2073277223935557,2.360855345007329,1.444654560121823,27.839059558305653,1,Packstone/wackestone,0.18470489849197022,1.0972384725154116
Well_5,251.69916434540391,79.12055725958747,50.683603621393054,0.2106552530214396,2.3675451888500123,1.4221038697271304,26.43040814860188,1,Packstone/wackestone,0.1871982779414578,1.2518845399675316
Well_5,252.3676880222841,78.77644486568377,52.4190324090635,0.2181782409665862,2.3295949009975323,1.3056452985086306,20.213675920253472,1,Packstone/wackestone,0.2000699682517486,1.8171634928380025
Well_5,253.03621169916437,82.39724113541689,55.00730538052071,0.2071499679352609,2.350710415282605,1.5823157129263008,38.2222028419233,1,Packstone/wackestone,0.19096629095102327,1.39070036560871
Well_5,253.70473537604457,83.70629211837772,46.37350822924593,0.2254450106002837,2.3370923583187717,1.332521282138459,21.50410055312381,1,Packstone/wackestone,0.20827914045132956,2.6375518967817997
Well_5,254.3732590529248,82.76207253007051,47.58738355318498,0.2327465963994979,2.328649181722174,1.2174148921706425,16.497376738162398,1,Packstone/wackestone,0.2122432166915545,2.8426672097456525
Well_5,255.04178272980505,85.14607315225533,45.64208523915195,0.2019705723243843,2.36077739538994,1.4142874813233204,25.95897148172982,1,Packstone/wackestone,0.1939983295567528,1.746978764468444
Well_5,255.71030640668525,86.1211765232134,36.10563176202723,0.2032688901244348,2.3577387379253603,1.5242492894209796,33.438692642308936,2,Grainstone/packstone,0.20122368694999096,2.4409584766455774
Well_5,256.3788300835655,83.29563531406501,49.274772040942864,0.2362701890895219,2.3317060888657526,1.2625999492199929,18.306273613157185,1,Packstone/wackestone,0.21214712085533458,2.825421488944042
Well_5,257.0473537604457,80.99683028254519,57.46117823596515,0.2089614133029432,2.3688444098859645,1.2081742633670822,16.150064582355085,1,Packstone/wackestone,0.1845914930491291,1.0774080464223565
Well_5,257.7158774373259,80.00249304824996,50.490175691225176,0.2120502751978531,2.3748080424527136,1.549639355354284,35.451886918210086,1,Packstone/wackestone,0.18623649911316936,1.222939699023622
Well_5,258.3844011142061,82.53685527125036,60.421135696531806,0.2293728693366437,2.33194506876113,1.4801042478956354,30.20676715567718,1,Packstone/wackestone,0.20222834391378092,1.8740360979684003
Well_5,259.05292479108635,79.2378688031749,57.96994247880401,0.1853685138351076,2.381215900705936,1.520398308434972,33.14349540767406,1,Packstone/wackestone,0.16954337389698762,0.6754089648444873
Well_5,259.7214484679666,81.43801334075985,57.24189932975064,0.2010595433319791,2.376332633841004,1.536589816679471,34.40248519919806,1,Packstone/wackestone,0.179233839197141,0.9324356510571007
Well_5,260.3899721448468,77.64560655929357,52.14487314135386,0.1983311780570434,2.3947726934158533,1.5592920243575954,36.24866564790802,1,Packstone/wackestone,0.17221151409450253,0.7612357053219074
Well_5,261.05849582172704,78.76386794824433,60.3970045998625,0.2047927407639108,2.3714760180727392,1.2840850082914186,19.23468189467547,1,Packstone/wackestone,0.17849437141188607,0.8556358815560821
Well_5,261.7270194986072,80.20967142189356,56.23307584080792,0.2016231568009021,2.3460586281595663,1.2740455830281614,18.795140779952867,1,Packstone/wackestone,0.18826027467090098,1.2316262238804896
Well_5,262.39554317548743,78.36055019010868,52.5911444811404,0.1778889994875974,2.384486639974189,1.4997774230204794,31.60657400396124,1,Packstone/wackestone,0.16796204730941122,0.6782725935122075
Well_5,263.06406685236766,81.31666986318461,57.36931670220383,0.182826820166057,2.3834241741339133,1.5491553137763283,35.4123961380255,1,Packstone/wackestone,0.17005230380495126,0.7027926797486149
Well_5,263.7325905292479,80.54136228226976,48.39461689759851,0.198951410670945,2.358518441399962,1.5961077800015897,39.455520772762696,1,Packstone/wackestone,0.1875264223379143,1.314424135634948
Well_5,264.4011142061281,72.67737833323439,52.37373314024186,0.1887361504312691,2.4288717322780946,1.5183620733142709,32.98846238976438,1,Packstone/wackestone,0.1542114072197442,0.4226754865225079
Well_5,265.06963788300834,79.91763991294818,55.64762736434255,0.2019713490328218,2.391494400112029,1.450838371264389,28.23828852125694,1,Packstone/wackestone,0.174877685119237,0.8157694566014086
Well_5,265.73816155988857,75.19629577160997,49.94433656031698,0.1672506430328443,2.4387576380058213,1.618816508089716,41.573492299198456,1,Packstone/wackestone,0.14654236503320223,0.35060561968889675
Well_5,266.4066852367688,78.77446538208699,46.31368706068759,0.1922335614789032,2.396056551046918,1.5881168868635598,38.73618862263936,1,Packstone/wackestone,0.17365698102698954,0.8549153574982593
Well_5,267.075208913649,76.54659794226968,59.0698279359623,0.1851776834508665,2.378037190240518,1.6010313454046758,39.905370320798085,1,Packstone/wackestone,0.16723048616978708,0.6050710233645938
Well_5,267.74373259052925,71.17879962011307,55.79198502543225,0.1717812448743236,2.457445175325619,1.7209262334788082,52.59279280033656,1,Packstone/wackestone,0.13584666928147762,0.23254983980491786
Well_5,268.4122562674095,73.04885534899576,42.22701244339585,0.1776495304188457,2.4439267707908203,1.8889771555820585,77.44210612414513,1,Packstone/wackestone,0.15072624736206436,0.4106500166451658
Well_5,269.0807799442897,78.09314658268892,53.09243653605502,0.2047290114376006,2.366112154257505,1.5565737546333418,36.02249208728239,1,Packstone/wackestone,0.18285064587563069,1.0559992353781589
Well_5,269.74930362117,79.3262360907384,57.32736534721789,0.1916778238478322,2.406483809848296,1.680297263453537,47.89578145123032,1,Packstone/wackestone,0.16468681008092056,0.5736906913428398
Well_5,270.41782729805016,76.26888177359731,64.89705071168929,0.1952670584748126,2.425955982512136,1.468558253113736,29.41428209146469,1,Packstone/wackestone,0.1539825799949543,0.3769906728329343
Well_5,271.0863509749304,78.32854043772377,58.094397380272056,0.1939570665544028,2.380920254505218,1.556960315116109,36.05456956359134,1,Packstone/wackestone,0.17193394826673,0.7163657902588599
Well_5,271.7548746518106,69.87414202630342,97.20241862082868,0.1321785109710061,2.500889021803982,1.6946233134108346,49.50206469426236,0,Mudstone,0.08444452735075612,0.03821948036693751
Well_5,272.42339832869084,78.02116887554445,46.88888078776439,0.1543853350483331,2.427660297511731,1.832715254336052,68.03231577925474,1,Packstone/wackestone,0.14861377285596344,0.3857835940844725
Well_5,273.09192200557106,73.17552335938558,64.81233767734786,0.1827744341297611,2.391796644341101,1.5705501464486114,37.20061729199241,1,Packstone/wackestone,0.1562490503247193,0.3984096209870656
Well_5,273.7604456824513,78.2159365297182,47.90109870714199,0.1937825025417664,2.39278427245911,1.630658324821051,42.72266392486664,1,Packstone/wackestone,0.17374048042310652,0.8354048021594115
Well_5,274.4289693593315,67.08254269792285,94.86952542628528,0.1261471500421023,2.47741990992216,1.5387319215641433,34.572590453913385,0,Mudstone,0.08810104797351524,0.043541116254132727
Well_5,275.0974930362117,73.04555121075884,95.23642968707496,0.1470930470695425,2.4420004791016705,1.4692956880950736,29.46427017036665,0,Mudstone,0.11158304054515633,0.08205283014095045
Well_5,275.7660167130919,67.79220668467987,91.65281692552446,0.1109792304864453,2.475694089037521,1.684603950913123,48.37310342861839,0,Mudstone,0.08492906529912052,0.04146682024023044
Well_5,276.43454038997214,70.89322552489291,94.35919688985732,0.159160332363267,2.449125080266528,1.5946554352985591,39.32379607710698,0,Mudstone,0.11239271244270961,0.082632435398984
Well_5,277.1030640668524,69.4730225279253,100.08677558773076,0.1540710945818979,2.4706108061793928,1.4595029666833137,28.80732728110553,0,Mudstone,0.10011111840530353,0.05665354215623786
Well_5,277.7715877437326,74.46506875412075,98.70125342472666,0.1500689660660636,2.473922660161348,1.5161579253048392,32.82146222165549,0,Mudstone,0.1027042208533339,0.061921808430604235
Well_5,278.4401114206128,72.36966787600053,99.68546331729532,0.145221853552649,2.4634084298996823,1.4664279160400315,29.270350033836333,0,Mudstone,0.1016252090812727,0.05981934175100763
Well_5,279.10863509749305,102.5916275596664,37.76309769345075,0.3198292909086708,2.1844848002177475,1.2448941612794595,17.574952554957495,3,Grainstone,0.31010077424509275,69.07838957635022
Well_5,279.7771587743732,75.04722546993632,94.7112165458193,0.1819299516301574,2.4183685106490205,1.2965715394503514,19.795730808875483,0,Mudstone,0.1340973162997989,0.15795345656200513
Well_5,280.44568245125345,73.57742126137315,93.29561579600838,0.1613107832066,2.460555776587129,1.4608676344244482,28.897989865235928,0,Mudstone,0.11313809818253906,0.08637684105373328
Well_5,281.1142061281337,75.10570482306855,92.04750379679274,0.1656688593945105,2.449767667893084,1.469158200335957,29.454943928628285,0,Mudstone,0.11994891952924286,0.10643311951301956
Well_5,281.7827298050139,73.92494961186773,90.96473797689778,0.1632916304789977,2.45181371983772,1.5421943176469597,34.849320749015305,0,Mudstone,0.11784087148791322,0.10020006316018575
Well_5,282.4512534818941,74.98694059448326,81.68127277381052,0.1593773925605505,2.43056621852545,1.620992341432443,41.782299848052986,0,Mudstone,0.1283838862228924,0.1488048927887237
Well_5,283.11977715877435,71.72750761658548,94.1261583430026,0.1465949305036424,2.4631780004831936,1.410109058703004,25.71041333753188,0,Mudstone,0.1048029235290149,0.06870151418092685
Well_5,283.7883008356546,91.28169883683282,35.078809685446366,0.2727083664216988,2.2518909996933627,1.2217666550141126,16.663516467627776,2,Grainstone/packstone,0.26410814623756884,17.342214558889836
Well_5,284.4568245125348,87.42398256405666,23.6978215154185,0.2447749673591852,2.296691425539092,1.4697878174117018,29.497677110733896,2,Grainstone/packstone,0.24276681776481562,10.282575291274897
Well_5,285.12534818941504,92.17907130914416,35.62566534643037,0.2627007450222178,2.247598739704185,1.3592169393376785,22.867407938272613,2,Grainstone/packstone,0.26176538465155347,17.09857488174323
Well_5,285.79387186629526,89.74449562604268,27.07353496661896,0.2622242653387046,2.2929917702694333,1.5234362497641964,33.37615086037596,2,Grainstone/packstone,0.2505631454892855,12.889337867700874
Well_5,286.4623955431755,84.80244025337768,30.614821082343315,0.2525519928901785,2.317561161280768,1.4600124434271764,28.841141377250302,2,Grainstone/packstone,0.2335613939475218,6.9472643994349275
Well_5,287.1309192200557,82.08967487295283,31.302181654621126,0.2537750765147958,2.287523656174808,1.3373796312072033,21.746012393397365,2,Grainstone/packstone,0.24022580255291237,8.122529133286102
Well_5,287.79944289693594,83.1835094383642,45.21157864148017,0.2277234015656103,2.3236168441036065,1.4842180526491449,30.494256755464068,2,Grainstone/packstone,0.21290805261338433,3.108342029762558
Well_5,288.46796657381617,88.48846544005688,28.59046187122603,0.25775094387407,2.272737329980355,1.3719834057910174,23.549593001752843,2,Grainstone/packstone,0.25312590146907454,13.516791947149342
Well_5,289.1364902506964,85.88779445595888,28.9006049943164,0.2499736899325537,2.303085627556718,1.5021470218000414,31.779497205402663,2,Grainstone/packstone,0.2386016871905583,8.41600264896892
Well_5,289.8050139275766,84.52050708877003,38.45060919286398,0.2133450556654891,2.3478076611285665,1.5564141512373737,36.00925623925749,2,Grainstone/packstone,0.20515838002450323,2.642138184898975
Well_5,290.47353760445685,87.54452236732735,29.95580456955265,0.2519037278470958,2.2941286585206586,1.6074911735519977,40.50337132903901,2,Grainstone/packstone,0.24260777005007766,9.522946882756912
Well_5,291.1420612813371,86.779456194183,36.722378056255366,0.2280623834766419,2.3185140271518327,1.4098349714551384,25.694192377989868,2,Grainstone/packstone,0.2225159516611259,4.767041411701055
Well_5,291.8105849582173,86.56879695405931,35.02012361023544,0.2250202195302244,2.338542032714749,1.5949137669470823,39.34719403265746,2,Grainstone/packstone,0.21589461594518908,3.8941451906456375
Well_5,292.47910863509753,84.26746764563724,14.55201886324307,0.2368035557858113,2.3067945842657225,1.5349638970270871,34.27392933873666,2,Grainstone/packstone,0.2388673234685726,9.571443907478882
Well_5,293.14763231197776,87.89692921797767,22.96318961526205,0.2426256196772655,2.333071336159548,1.616525761550022,41.35478445177007,2,Grainstone/packstone,0.23189282576526635,7.268058684023456
Well_5,293.816155988858,84.54866440419426,23.350435574970724,0.2510135369360845,2.3149894778892257,1.7133375596588802,51.68179150083391,2,Grainstone/packstone,0.23693610765633963,7.991196810799748
Well_5,294.48467966573816,84.21120888164494,27.08601596001246,0.2194457911108558,2.356995376293094,1.7487806291497696,56.07646510135993,2,Grainstone/packstone,0.21033751695586367,3.333447815946199
Well_5,295.1532033426184,69.14714384090354,103.31963231595184,0.128126301315722,2.509247180658846,1.6869770911915187,48.63815486405559,0,Mudstone,0.07650285806306087,0.02979271561314415
Well_5,295.8217270194986,85.4192844696699,41.40713348132897,0.2244456274032253,2.324627117854157,1.4886549664515096,30.80739425444379,2,Grainstone/packstone,0.21542939611526687,3.591742653356438
Well_5,296.49025069637884,80.43279967830243,30.373055809160803,0.2172323429743926,2.3355542175421222,1.605362982579542,40.30537652286862,2,Grainstone/packstone,0.210875739229221,3.2758380221927985
Well_5,297.15877437325906,73.7179714893819,48.25634981150409,0.171582221078848,2.402333184226504,1.608577316385991,40.604794454127415,1,Packstone/wackestone,0.15839966081079365,0.5078911370622716
Well_5,297.8272980501393,86.39919329785582,30.468628792084733,0.2362898832012789,2.3213783237462278,1.418239478541663,26.19627124081004,2,Grainstone/packstone,0.2278703127165448,5.9559000296416125
Well_5,298.49582172701946,85.37892000600607,36.29251866452384,0.2628090093242043,2.2799105123222287,1.4135976658555756,25.91777204900461,2,Grainstone/packstone,0.2458962599427273,9.688045815458105
Well_5,299.1643454038997,82.56837306891353,27.27755052843712,0.2287780247732034,2.334578834829085,1.463497750528779,29.073529004833414,2,Grainstone/packstone,0.21943096529312336,4.534740200877923
Well_5,299.8328690807799,82.12992385751807,26.85852920672817,0.2104811316591083,2.3390790343818764,1.5900386807049909,38.90797970823967,2,Grainstone/packstone,0.21075345875084167,3.4527148754433132
Well_5,300.50139275766014,84.2341778784054,32.499543999857515,0.248063977542524,2.309143812779328,1.3511984114550477,22.44907296222625,2,Grainstone/packstone,0.23299904394873397,6.599083715255907
Well_5,301.1699164345404,85.11661236558062,25.210019759849946,0.2156863966719339,2.315835350594419,1.7067538609549306,50.90422864674152,2,Grainstone/packstone,0.22278950791307428,5.160941547858942
Well_5,301.8384401114206,86.57387985840248,36.51232753412823,0.2640776373844332,2.27310206105955,1.4981948715533715,31.491610519326056,2,Grainstone/packstone,0.24911784974304285,10.897239759940547
Well_5,302.5069637883008,88.07784182363136,29.072221591877387,0.2596011004026046,2.2870038541668287,1.4676137605713242,29.350382171490157,2,Grainstone/packstone,0.2488517471047328,11.81925781190277
Well_5,303.17548746518105,90.55690492511116,44.14058526089716,0.2559020411048387,2.273711186631638,1.3680247431697607,23.335910107667384,2,Grainstone/packstone,0.24548163483805047,9.352395014826532
Well_5,303.8440111420613,86.62552339053528,31.91914339707078,0.2594552422498048,2.2950959722159454,1.1877450567544228,15.407956964042032,2,Grainstone/packstone,0.24419090301363566,9.12923818122356
Well_5,304.5125348189415,82.2774444721552,38.44218904025239,0.2356460036669679,2.3161090785803915,1.4778187826575488,30.04822223787392,2,Grainstone/packstone,0.22100641401115478,4.248910916228559
Well_5,305.18105849582173,86.76434871624217,39.26141620664622,0.247837651005497,2.291450075112997,1.3294669716248226,21.35339685913224,2,Grainstone/packstone,0.23664924110070304,7.111293578735696
Well_5,305.849582172702,87.77873729902944,45.73237206497789,0.266815128313971,2.2567709794685924,1.225659981964924,16.813571766974956,2,Grainstone/packstone,0.25150595911767487,10.256068023973459
Well_5,306.5181058495822,90.09720351837736,37.19047662328041,0.2656208688715291,2.221019914888611,1.3517635939745034,22.47830677378287,2,Grainstone/packstone,0.26790516827802435,19.825576276520252
Well_5,307.1866295264624,91.62400713463336,39.42405095007487,0.2846209185982746,2.230471136174844,1.2321904807313768,17.06830837606776,2,Grainstone/packstone,0.2727557896434147,21.583056573325592
Well_5,307.85515320334264,89.56264586659735,32.7873065344601,0.2606398619867245,2.2729958208895606,1.358214377747622,22.814679791725595,2,Grainstone/packstone,0.25283470163747307,12.960229485109291
Well_5,308.52367688022287,92.13060934634474,37.40841136781784,0.2672937447273892,2.260512904975511,1.4424684201124904,27.699276155063256,2,Grainstone/packstone,0.2585610872613543,15.334357540006112
Well_5,309.1922005571031,91.72287830151632,32.48137831418188,0.2731589538326735,2.236815941372796,1.26735729690118,18.50790650331949,2,Grainstone/packstone,0.2703751191159162,22.036559894894012
Well_5,309.8607242339833,88.65726992564541,19.758353975104,0.2721060216854265,2.2889805996329016,1.5399774063949665,34.67188123884945,3,Grainstone,0.25847783074691166,17.29404228425788
Well_5,310.52924791086355,86.71961914105215,22.515883342186648,0.2612469383366526,2.307368661291016,1.5676060922434003,36.949289543023056,2,Grainstone/packstone,0.24572705481216997,11.139994179745893
Well_5,311.1977715877438,98.95733489233348,23.320550066753334,0.3308290501185186,2.1756231389334286,1.2743398244140862,18.80787910005853,3,Grainstone,0.32145703599891184,106.15093481577638
Well_5,311.866295264624,98.78577414114474,23.53511833726644,0.3130140875302136,2.159760840620527,1.2930588889917445,19.636265204822006,3,Grainstone,0.3189975124215203,101.83955716456451
Well_5,312.53481894150417,97.28158164103088,26.86415360927971,0.3014287968756431,2.1962955269236475,1.4771520249676908,30.00212560873252,3,Grainstone,0.3004398379289086,61.14031147652929
Well_5,313.2033426183844,88.08658644084397,27.837106805983115,0.2518385742867658,2.2720104803277805,1.466091243106075,29.247667922240534,2,Grainstone/packstone,0.25094955333608265,12.851312778505028
Well_5,313.8718662952646,94.16164510542336,27.255386641147087,0.2928297667632197,2.217263829839524,1.3181837043344995,20.805765741978853,3,Grainstone,0.28843629195360376,40.85467043066203
Well_5,314.54038997214485,94.402366782959,20.27477818062337,0.2736560116438176,2.2535081256697387,1.5793706580207938,37.96388577418852,3,Grainstone,0.2741107592280516,29.272504063724938
Well_5,315.2089136490251,94.05822431218871,29.11341538307988,0.3105773258391892,2.2265539011174345,1.1116036448485895,12.930152434768932,3,Grainstone,0.29179988440025084,38.73546124845191
Well_5,315.8774373259053,95.00772236194014,19.320905714817386,0.2938389878341748,2.206341221553445,1.3824451117828385,24.123766256095195,3,Grainstone,0.2969484527843714,57.712398792553394
Well_5,316.54596100278553,94.90134794913628,27.3719241427156,0.2686790301597722,2.2465123959364925,1.4052880687773486,25.426586991441702,3,Grainstone,0.27118527305562784,25.42648009202551
Well_5,317.2144846796657,89.39233912027447,28.088042733038343,0.282562216666219,2.2311205965506096,1.4477419471740378,28.037671764385344,3,Grainstone,0.2755471258420261,27.220383849877322
Well_5,317.883008356546,91.52400195941073,20.18891889617457,0.28609469278521,2.247509299620701,1.3799198593649629,23.98390301705372,3,Grainstone,0.27848471992959145,32.18999867290295
Well_5,318.55153203342616,88.17808154212683,17.621522310806757,0.2739358269027334,2.2580709401684342,1.450843007307297,28.238589963300157,3,Grainstone,0.26908438593836187,24.358285460993333
Well_5,319.2200557103064,94.51135568319712,23.63667141359982,0.2919555905689175,2.236377651831688,1.300506115456899,19.975888970128395,3,Grainstone,0.28487918094650144,37.84271005482083
Well_5,319.8885793871866,95.22918326414728,26.774084307080464,0.2654945001862937,2.2522788153160955,1.4226554993312877,26.464000698251134,3,Grainstone,0.2688833201235021,23.988880754752337
Well_5,320.55710306406684,90.21897035071852,42.72194567059105,0.2772778362864338,2.24828142534324,1.3912796107351866,24.61952166535261,2,Grainstone/packstone,0.26140572615814606,15.37206712891739
Well_5,321.22562674094706,88.47073779104205,27.70019342696413,0.2533401426800347,2.3029535462137747,1.4322017494258747,27.052147668487773,2,Grainstone/packstone,0.24301729708678846,10.01295376694324
Well_5,321.8941504178273,89.31511660269372,28.23588594245283,0.2737616565868846,2.242817590357801,1.5002742446291648,31.64275179308037,3,Grainstone,0.26854917556990954,22.117059906152253
Well_5,322.5626740947075,92.22190402657844,31.274397357917213,0.2834289966773546,2.2147369301499,1.3149659466020092,20.652182139530854,3,Grainstone,0.281688748495595,31.818189650363642
Well_5,323.23119777158774,85.60661761179564,23.079346520811264,0.2440341086587182,2.295468691897892,1.674448152204654,47.25504185900986,3,Grainstone,0.24113054898744649,9.397717348938446
Well_5,323.899721448468,89.59740278001765,26.76586830142467,0.2537256648639943,2.250927621171099,1.4896359934659995,30.877063679681054,3,Grainstone,0.25966930202425026,17.312174816802706
Well_5,324.5682451253482,91.44464872676078,25.60411475071152,0.2495465661960225,2.277774653020726,1.5123352577493898,32.533834849987684,3,Grainstone,0.25251268750073014,14.262867083626725
Well_5,325.2367688022284,91.18754881981206,19.989366132432806,0.2713222515490723,2.241572666388191,1.3709490549836445,23.493572127830205,3,Grainstone,0.274434431182616,28.730102092590975
Well_5,325.90529247910865,91.83317047368428,21.347658894665727,0.2857084825535497,2.2450876954002097,1.4734455239401756,29.74716099693114,3,Grainstone,0.27848433872628764,32.36581194770533
Well_5,326.5738161559889,77.45113300196671,41.6151185726185,0.1779079235540285,2.385078774401415,1.5067988168701705,32.12172183193161,1,Packstone/wackestone,0.17297834730631878,0.8820936480315622
Well_5,327.2423398328691,89.89408467871779,25.916336089090283,0.2745086916038056,2.2480919893410545,1.4589486263235842,28.77058060901,3,Grainstone,0.2691711085580789,23.128435051791907
Well_5,327.91086350974933,91.27492008328436,26.890620972996896,0.2863176618264988,2.2521574444573984,1.3546762620383392,22.629567933086022,3,Grainstone,0.2733850768590801,25.747340531901486
Well_5,328.5793871866296,94.15658352958935,35.67120848486099,0.3072370253566587,2.1914006955062013,1.2737305004371842,18.781509766448856,3,Grainstone,0.2969022673113031,46.848315065395745
Well_5,329.2479108635098,96.74007773856994,23.08303024513373,0.2872728747322122,2.235825636944824,1.402562618846838,25.26752004170224,3,Grainstone,0.2853299296583175,40.52269187456177
Well_5,329.91643454039,93.2053232651954,21.631971770645904,0.2975827473683952,2.22934274231752,1.4087809909425149,25.631911266057088,3,Grainstone,0.28876441298958866,43.79716847955194
Well_5,330.5849582172702,94.99459836610215,13.563372579974413,0.3098753378392939,2.209247802078413,1.6175126340551582,41.448864174627126,3,Grainstone,0.3048272526016888,74.33707129090932
Well_5,331.2534818941504,96.40262891264116,21.54396064609081,0.3087664822513529,2.218508302893384,1.4357369374931856,27.273252765287165,3,Grainstone,0.2989870611273395,60.3897973264981
Well_5,331.92200557103064,96.43165623688492,29.25752007180915,0.3078971528794807,2.223569500804094,1.2978672639084925,19.85487987716561,3,Grainstone,0.29328541360608673,46.10914658103478
Well_5,332.59052924791087,98.41068701758851,31.873574006288408,0.3380102316384908,2.1585966792494657,1.1615036842206998,14.50453078782288,3,Grainstone,0.3242029507276065,97.17897381493562
Well_5,333.2590529247911,97.77732792448565,32.185285133355855,0.3155229753642568,2.2042188344875218,1.2646465667959397,18.39274572150809,3,Grainstone,0.30146509478462125,56.22891760127637
Well_5,333.9275766016713,98.97919466411568,30.993059946372146,0.3269493294190577,2.1930279398321324,1.1976057452168565,15.761797558725709,3,Grainstone,0.3109135597674193,71.18326652743934
Well_5,334.59610027855155,98.56404194156713,37.48924487760462,0.3187405885497855,2.2095635714862016,1.3253806365617788,21.15342215220288,3,Grainstone,0.2988018604349043,50.82450837051582
Well_5,335.2646239554317,97.45624313533432,31.61320392518464,0.317968080809727,2.193050913446895,1.399958204043764,25.11644702341921,3,Grainstone,0.3053781227162037,65.89363890665224
Well_5,335.93314763231194,76.47867725733092,93.24362980634098,0.1749889766024557,2.4313061391927837,1.5624888869602531,36.51647830360225,0,Mudstone,0.12921625090344957,0.1374576906680013
Well_5,336.60167130919217,92.82434535568984,21.45686494704833,0.2997921261849164,2.199869643532516,1.4183522543380038,26.203074663574014,3,Grainstone,0.29790249387579815,57.24193923271993
Well_5,337.2701949860724,97.57473908427262,38.66965906936191,0.2930181128190841,2.1895612170235323,1.0783462387442573,11.976950061443947,3,Grainstone,0.29385370887439993,38.53489205896832
Well_5,337.9387186629526,96.34842962313311,30.882772751196207,0.32036408656359,2.1847350330917377,1.4474169428811154,28.016697620577297,3,Grainstone,0.3080177183062449,71.27771904607296
Well_5,338.60724233983285,90.97244337842884,15.625627563421844,0.2827561502779304,2.1770006716669617,1.3618821201713165,23.00817225654723,3,Grainstone,0.29974765930355496,62.28250064843108
Well_5,339.2757660167131,93.77603170472553,19.282581819708632,0.3055243665277313,2.216707387253253,1.496754869106809,31.387365818344207,3,Grainstone,0.2970540355778256,57.36582283348724
Well_5,339.9442896935933,83.65216321188656,62.70730296656747,0.1940403750301292,2.3858629650361483,1.4134066306294375,25.90637397959677,1,Packstone/wackestone,0.17304096640194191,0.7461264818943388
Well_5,340.61281337047353,76.315554008318,39.63555137311651,0.1659549050862277,2.4296697226490247,1.5952923076214125,39.38150486796161,1,Packstone/wackestone,0.15537469574703777,0.5168141932443988
Well_5,341.28133704735376,79.48983570597441,57.58642131755376,0.1954948138275386,2.4200075463260973,1.5521518585813672,35.65757945273683,1,Packstone/wackestone,0.1624811217111924,0.5394480868709682
Well_5,341.949860724234,76.38392995039652,53.473317313642,0.1989316346027205,2.3941008381431024,1.575334842784785,37.61272881687389,1,Packstone/wackestone,0.17075271101431114,0.7093087273106675
Well_5,342.6183844011142,76.23501333424335,46.22077750408887,0.1821995285847804,2.399440113535848,1.770449584622071,58.94535459675005,1,Packstone/wackestone,0.16627504013866184,0.6550687889186863
Well_5,343.28690807799444,76.05027904199989,50.20365265388911,0.1849381713869456,2.416220791518468,1.430659736413427,26.95626619527489,1,Packstone/wackestone,0.1608161774232849,0.5445794823514674
Well_5,343.95543175487467,74.504031132777,49.67495427122932,0.1861061843805735,2.415113118954584,1.6401708794854468,43.66876195421276,1,Packstone/wackestone,0.1600521722081123,0.5227873826996463
Well_5,344.6239554317549,73.00370840507418,53.53897967521275,0.164286590826709,2.424961146797861,1.3812772692568367,24.05898322028016,1,Packstone/wackestone,0.14601519970995508,0.33380395040423966
Well_5,345.2924791086351,78.59666447239411,54.37250999086014,0.189928386900987,2.3878844782321287,1.5518199022344756,35.63033471972716,1,Packstone/wackestone,0.17066732748195618,0.7184941895892561
Well_5,345.96100278551535,78.36872022387708,55.0993083233872,0.1761337492461726,2.431424128847297,1.274435377502601,18.812017648277763,1,Packstone/wackestone,0.15277221034981425,0.415431821651562
Well_5,346.6295264623956,72.65918769568712,38.997620794729954,0.1687052520273041,2.398137315227981,1.5386591349417127,34.566796663451946,1,Packstone/wackestone,0.16279940471451212,0.6406497968738056
Well_5,347.2980501392758,82.21012536930566,56.321451120019525,0.1877799452977897,2.423862801210789,1.625588046169369,42.22678783442687,1,Packstone/wackestone,0.16138767321634997,0.5394153020923559
Well_5,347.96657381615603,80.0604836755104,59.03735828825735,0.1930284298462254,2.378711893414529,1.485334536339139,30.5727522058932,1,Packstone/wackestone,0.17339824915690885,0.7571273040268962
Well_5,348.63509749303626,78.11492691140829,50.67637641315553,0.1773798181258609,2.4049511662555654,1.508868257755862,32.27514913885408,1,Packstone/wackestone,0.16263313220656364,0.5839704929563887
Well_5,349.3036211699164,73.8723729105995,59.23775170060273,0.1782156923105594,2.417390479761913,1.6047147368722543,40.245259946683866,1,Packstone/wackestone,0.15067989787309935,0.356714249033124
Well_5,349.97214484679665,77.44340579509141,77.04963651281949,0.201532147470181,2.4096036911355587,1.4343662904592087,27.18731320771686,0,Mudstone,0.15557870368226592,0.35310876760479426
Well_5,350.6406685236769,74.91283590433989,60.53803664742087,0.1901593073043392,2.418880371685645,1.5911309727881415,39.00596015510671,1,Packstone/wackestone,0.15502018941232862,0.4020632291268313
Well_5,351.3091922005571,75.9696715880234,46.00385212208664,0.1788311572153814,2.4057659218180207,1.5793238530245806,37.95979453228484,1,Packstone/wackestone,0.1634473959931269,0.6152028801209192
Well_5,351.97771587743733,79.08955387514688,77.00837212178311,0.2082751876374818,2.387517855958875,1.4695443365466878,29.481144303298336,1,Packstone/wackestone,0.16596424709939084,0.49160612907799617
Well_5,352.6462395543176,78.62706912966632,53.77237922590884,0.181043338833293,2.4043450651427185,1.5594397369865125,36.26099667349831,1,Packstone/wackestone,0.162853352365447,0.5686054174210494
Well_5,353.3147632311978,78.62621451428797,55.27546740165203,0.1991102370714517,2.366037865126883,1.5964179854235936,39.48371290768013,1,Packstone/wackestone,0.17993563851515024,0.9464045072628301
Well_5,353.983286908078,81.56150324551035,51.54823617719714,0.1760357961743077,2.39469401912853,1.4718356604805063,29.63709692586316,1,Packstone/wackestone,0.1677674272275916,0.7017859513290594
Well_5,354.6518105849582,82.7646990604381,50.72461930009281,0.1879445903871923,2.3867320601671875,1.4885041600972309,30.79669841450358,1,Packstone/wackestone,0.17608287464820924,0.9225141636127878
Well_5,355.3203342618384,81.35409388696334,42.35590372293473,0.2079004706374032,2.353351476892268,1.3643482786733474,23.13919674030801,1,Packstone/wackestone,0.19693948902054942,1.8964165229358096
Well_5,355.98885793871864,80.33366390853203,45.22623437833292,0.2101822469999032,2.376792463807808,1.4133582129955715,25.90348594977986,1,Packstone/wackestone,0.1884139680215536,1.3912977939524545
Well_5,356.65738161559887,77.31106987123133,48.12963581697181,0.1969955100987037,2.363339480981677,1.4917490790987196,31.02766394970493,1,Packstone/wackestone,0.1828795651646278,1.1130133194441987
Well_5,357.3259052924791,82.28059324077051,60.66317976963049,0.1964176215209004,2.3751941519090938,1.5828037559044037,38.26517958643045,1,Packstone/wackestone,0.17658278017518728,0.8338277058085454
Well_5,357.9944289693593,82.91723860709301,66.41253207134193,0.2227169890289751,2.3844034716086413,1.285248283258428,19.286271813762937,1,Packstone/wackestone,0.18193601949614888,0.9219479888041974
Well_5,358.66295264623955,84.7262534145426,55.73898252139845,0.228748091220337,2.348478874436163,1.3372907627301072,21.741563022351507,1,Packstone/wackestone,0.20199715998747106,1.980281359691691
Well_5,359.3314763231198,91.90241646320727,36.44288627514985,0.2819883432459789,2.230833795035604,1.258262545161943,18.124354377645894,2,Grainstone/packstone,0.2734745674104376,23.093819032464005
Well_5,360.0,81.12685101620971,72.11698436296011,0.224720503294606,2.345179384228865,1.4604403821833398,28.86957444625952,1,Packstone/wackestone,0.1890092402015597,1.077794895202086
