Well,Depth_m,DT,GR,NPHI,RHOB,LogRT,RT_ohm_m,Facies,Porosity,Permeability
Well_1,120.0,67.15624875930706,83.80106720026251,0.13689108958705054,2.504291983013437,1.6165722969726926,41.35921592756025,0,0.07949797353668606,0.039817813381912356
Well_1,120.66852367688023,68.1932080907582,94.05650098757438,0.13153145070347036,2.5067993351654723,1.793161100991314,62.10993875386716,0,0.07389580150669965,0.030414853944617883
Well_1,121.33704735376044,72.16972583474912,105.69328475649549,0.13797380631406364,2.4840499811140426,1.5626258285139272,36.52799447975021,0,0.0748500660630748,0.014190455404737835
Well_1,122.00557103064067,72.03151793347337,86.64958052470261,0.13217014560714163,2.5016443207761947,1.5015636934987833,31.736840812641713,0,0.0966283447240863,0.04828530403393668
Well_1,122.6740947075209,67.14744683002279,103.2513083413754,0.1525449438014678,2.4975769958233,1.6722239153030487,47.01364409735646,0,0.09072876233439707,0.0630752166924921
Well_1,123.34261838440112,69.2665423378424,96.63090756529083,0.127680381009894,2.5274504999186584,1.7558645457829756,56.99864687038046,0,0.08892797359895427,0.037610784580874836
Well_1,124.01114206128133,75.08723471878967,97.52787467746468,0.1470230722808434,2.462175190878125,1.610919659630163,40.8243858095978,0,0.1014334448978295,0.06146092791651862
Well_1,124.67966573816156,72.9979250958916,99.84218247094613,0.16166867651577937,2.4752897768700812,1.400735865756388,25.16146163416821,0,0.1112640812584403,0.07171716041819229
Well_1,125.34818941504179,64.75555514639804,99.86606926955061,0.13317838748261848,2.5076585066637267,1.6557762494377217,45.266430503496146,0,0.08147865181572835,0.06248518021169968
Well_1,126.016713091922,74.12463334056586,94.40329339969786,0.13985011210928902,2.503972727941292,1.532437100973243,34.075097014028046,0,0.09133917164208664,0.05135217164395589
Well_1,126.68523676880223,72.02133568185283,93.24579790615525,0.13301024826709024,2.4654076890874124,1.4952390582679167,31.278005974603285,0,0.08870712383313599,0.07124576783537702
Well_1,127.35376044568245,73.1127790834927,89.1639385398368,0.1465070613395028,2.475227100789383,1.3925455105401687,24.69138837078239,0,0.11946805398743647,0.2502691073094063
Well_1,128.02228412256267,70.5990887710267,86.56161058360325,0.15461623743989958,2.4859993501230706,1.5150414762437714,32.73719582527842,0,0.1061252663196964,0.08949804960488258
Well_1,128.6908077994429,75.4518426498908,95.23615824109488,0.15837807882114888,2.4603691428127163,1.35440684999434,22.61553416618989,0,0.10930662034753301,0.06832178185707953
Well_1,129.35933147632312,68.43214358465892,90.74745188180748,0.14512714185777184,2.504975385093931,1.4803529151353483,30.22406782278586,0,0.09399729280329933,0.03896835872898345
Well_1,130.02785515320335,71.6559117332929,86.66903547232941,0.13129479197885716,2.491526347556932,1.689756835227342,48.950466525227945,0,0.08026380630027188,0.03841601872935703
Well_1,130.69637883008357,72.42513950720308,95.99368828754136,0.13241397051149967,2.472203132891716,1.576426369121549,37.70738099839989,0,0.0916383215539785,0.06263927188057415
Well_1,131.3649025069638,71.19235256518716,97.48528605811251,0.14976235800017634,2.4809131887891547,1.7358240066245605,54.42820434412105,0,0.09415836965574924,0.04939340503698698
Well_1,132.033426183844,70.82922436344109,91.45910217167769,0.13700381262692846,2.4636163572434544,1.5173410876326825,32.91100069033582,0,0.09424053427283122,0.04263698411945176
Well_1,132.70194986072423,68.12245463493339,87.13527912595994,0.13078019343082636,2.5192690069345307,1.731782844989386,53.92409249842727,0,0.08494944313722393,0.06269494311187855
Well_1,133.37047353760445,94.06880788151389,23.98565992626928,0.27584343905722414,2.2594595318525657,1.4111689328197718,25.773234949880475,3,0.2731592428025559,31.813464435838164
Well_1,134.03899721448468,67.22324775547273,106.90807920381584,0.14575212917479652,2.495181085405473,1.609176836476897,40.66088588788883,0,0.08313639414526089,0.07120565686704211
Well_1,134.7075208913649,65.31692520193143,96.7940065586546,0.12186618867296367,2.5100234193385957,1.7383165862757413,54.74148647668713,0,0.08642797399830994,0.043290083031062306
Well_1,135.37604456824513,70.0427491674513,94.56629609303921,0.12530567292514638,2.5047391569475006,1.7456233223159658,55.670269318309,0,0.08171142982717419,0.062223383589835465
Well_1,136.04456824512533,66.38448590595365,104.31146925122147,0.10537987802989396,2.552377636433404,1.9552457985510618,90.20815461224342,0,0.05395735188203627,0.020097514255512143
Well_1,136.71309192200556,64.71241073694715,96.8876074331214,0.08597614977749048,2.554157725668602,2.018503549116358,104.35266605422669,0,0.03831522032414126,0.025093519560209415
Well_1,137.3816155988858,68.46271120886662,89.98704762619657,0.12417744455271644,2.5082965550705656,1.7046268493436945,50.655528329874485,0,0.07684530121967183,0.026937075194809357
Well_1,138.050139275766,66.83641755758896,102.04414493440808,0.13555972287943602,2.5336959710691263,1.6052914159328593,40.29873521586,0,0.0785546500488131,0.020424018952446787
Well_1,138.71866295264624,65.95157200950871,93.84534603893749,0.09522918007111066,2.5546705713525433,1.9076731769205295,80.84872528518389,0,0.05508464235924848,0.017958603747321236
Well_1,139.38718662952647,61.95625597864553,86.11836960287502,0.08978706654653279,2.60287436044544,2.1224370867936315,132.56750625686962,0,0.04066882514060041,0.015131108588389093
Well_1,140.0557103064067,64.65321931543795,97.67372995819414,0.08455254427316168,2.54020906856281,1.7533762948063831,56.67301201396806,0,0.064285362378072,0.023098409258066357
Well_1,140.72423398328692,65.13777813918588,92.53819633307057,0.11027287848049817,2.523868016557622,1.916822283484847,82.56999978875936,0,0.07283617412575616,0.01997276112315604
Well_1,141.39275766016712,71.91396805292445,89.8297217937593,0.11822894999066634,2.534964059654637,1.8830107189361514,76.38546362418974,0,0.08428458383884244,0.023687403691748543
Well_1,142.06128133704735,63.2095811037764,94.5919511148806,0.11012751507519222,2.5346406718635004,1.6780773509267193,47.65158500995922,0,0.06438332383637838,0.023673942149106435
Well_1,142.72980501392757,66.92411336481373,100.90911188220328,0.11962723578758294,2.54816752633552,1.886012399926977,76.9152400725542,0,0.060841669710262856,0.015599361546598042
Well_1,143.3983286908078,62.10723943827762,99.11392504751562,0.10659161020447297,2.555275968635579,1.7536023449220612,56.70251797381573,0,0.06233158693115077,0.024031841056571832
Well_1,144.06685236768803,66.2885425002821,101.8752924417655,0.11319763806098648,2.5212860047158805,1.785780215689156,61.06329224262625,0,0.07038035003919638,0.03419277269125265
Well_1,144.73537604456826,65.12564367755054,87.87310115610319,0.10881012233609721,2.53177565295063,1.7849909629043585,60.95242137128494,0,0.06586513165101557,0.02555130596982991
Well_1,145.40389972144845,61.48543090909034,81.42214753536754,0.09460308158465928,2.5324475289192896,1.906791057835502,80.68467571416701,0,0.06877026674142335,0.014961680283685837
Well_1,146.07242339832868,71.9111314418048,96.15642434369823,0.13369901638265136,2.4649724312258345,1.49152799772153,31.01187306752786,0,0.10038014229229686,0.05826663097544301
Well_1,146.7409470752089,70.37458984996212,103.9733430880606,0.1535471698958198,2.47663134547773,1.653739302912497,45.05461707457221,0,0.09950036564959079,0.04780622418533765
Well_1,147.40947075208913,74.99052556442533,67.33798543999278,0.18233374452185058,2.398862707450754,1.4162603070431181,26.077160922434985,1,0.1776305465444065,1.4262474797028686
Well_1,148.07799442896936,78.2985739430954,60.8767845140899,0.17455619338820683,2.4164699968618106,1.5074083220243224,32.16683430920479,1,0.1605562097667661,0.396931273484281
Well_1,148.7465181058496,82.96289055496871,50.31456498437272,0.19925838516743882,2.360877098849042,1.3346607814586364,21.61029928051063,1,0.18666007283073174,0.8411201012177923
Well_1,149.41504178272982,82.51180971288512,53.03620400125971,0.2153035491592751,2.3625591975493574,1.5417739505913224,34.81560533379304,1,0.1781223591395193,1.3702923866694225
Well_1,150.08356545961004,80.92649796695298,52.31200673489308,0.2118754331048285,2.396600091361922,1.5380187501381086,34.51586408203351,1,0.18019021673846805,1.0512962276189695
Well_1,150.75208913649024,81.4628492197862,54.7291212639952,0.20799424233680877,2.3600935490464927,1.4597490011965744,28.82365169929849,1,0.19204292720131202,1.4491382092819924
Well_1,151.42061281337047,97.22094339675377,13.446541350378864,0.3103974082484867,2.205914790344688,1.6346422341544349,43.11637437022616,3,0.3017345131008466,62.61224913514423
Well_1,152.0891364902507,91.82876416882907,28.44889174603146,0.2514109992320925,2.2798046223677533,1.5757914786105152,37.652297249806345,2,0.2444290114270752,12.483781697933333
Well_1,152.75766016713092,83.4795910173811,49.25724454466556,0.21972880769126332,2.3458468653749542,1.4167358324546877,26.105729427176872,1,0.18498587606011846,1.6872952494167703
Well_1,153.42618384401115,78.48535280128803,56.68631112609352,0.19567795029725282,2.3880362703068347,1.4289136104759275,26.84810332132719,1,0.17960792013703294,0.9025384476399677
Well_1,154.09470752089138,79.08465270749628,66.76187405678344,0.20453046320310947,2.387555522666762,1.494257066798725,31.207362580219733,1,0.16842219870487696,0.8112037294266564
Well_1,154.76323119777157,81.0667473827968,54.46622810441073,0.20124741942285854,2.3924260998196356,1.3828507592199162,24.146309290632168,1,0.17973950387054105,0.7749948453285352
Well_1,155.4317548746518,74.93090015047247,45.577318059255255,0.18803171412696124,2.3878551732130777,1.6182194605668245,41.5163782951416,1,0.1755183246024196,1.0064976397986178
Well_1,156.10027855153203,77.64324755488589,41.17908164431882,0.18110504419700024,2.4280363749749116,1.655948589853823,45.28439707658072,1,0.17131181999072587,0.688040523247029
Well_1,156.76880222841226,86.0343904263291,45.23348205849248,0.21369018561515535,2.366962965251829,1.4946754112766674,31.23743829691857,1,0.19044467027327738,1.2341049874295826
Well_1,157.43732590529248,82.43193583306851,56.578561331610736,0.20646784682218722,2.3756320768139845,1.5177699339221444,32.94351487544146,1,0.1916743920749296,1.3807034899060677
Well_1,158.1058495821727,83.05714970430097,55.933224184571706,0.2082509609160305,2.3862876932571755,1.6645405339281834,46.189209957516965,1,0.18322846366102208,1.0399244336785634
Well_1,158.77437325905294,79.2937032911633,66.02385224558441,0.19136458741426754,2.3975949049672227,1.4693899351854645,29.470664962803955,1,0.17394761070848985,0.6926425447120238
Well_1,159.44289693593316,78.8983336421971,48.96193743493938,0.20379592886691938,2.3902300302113595,1.4840043471912634,30.47925498532279,1,0.1796326435834273,0.7272790569261929
Well_1,160.11142061281336,78.27989045498384,46.56162089847446,0.19126655602222278,2.4018765311581878,1.6461845630341572,44.27765000404312,1,0.15946022329384246,0.4414460940282885
Well_1,160.7799442896936,74.71630075134323,45.07609951026029,0.18114799032760842,2.4381897792875034,1.6549359135415436,45.17892713870221,1,0.15982732120911938,0.6051231674574776
Well_1,161.44846796657382,72.05110815360642,60.89237646359261,0.16263715289830163,2.4265250327285766,1.5975406195810729,39.58590878213702,1,0.1496672996157492,0.27653408331480117
Well_1,162.11699164345404,78.47849207802189,51.12579120618859,0.17782978502265118,2.421917843091211,1.5870283151279236,38.63921682261388,1,0.15731913415207457,0.5456686877526965
Well_1,162.78551532033427,77.84266763845253,49.85761003051539,0.17578014193326955,2.431482039156827,1.629696712484681,42.62817229888429,1,0.14422805182235413,0.2622056544434132
Well_1,163.45403899721447,71.26972029062233,70.69965312766409,0.17995107330043397,2.453429229013779,1.643887377747241,44.04406326090615,1,0.13760314891092798,0.24809574348052724
Well_1,164.1225626740947,74.80814738924691,47.91340173620399,0.16621987975965313,2.4456958000842106,1.607066830073213,40.46381534069808,1,0.13973342726299087,0.2816451936444348
Well_1,164.79108635097492,72.35225779842737,43.35583190182868,0.16557197236792529,2.4572243908444613,1.5840765131666856,38.37748522521709,1,0.14774298419440857,0.4832084621540572
Well_1,165.45961002785515,76.50688060447325,49.313663013664645,0.20484442156730032,2.4183697072460157,1.5090142551984775,32.286000949214525,1,0.16185519529074863,0.5138731380026956
Well_1,166.12813370473538,75.70319996543856,53.00626324466119,0.17461115623149864,2.412159108397864,1.5174914024688073,32.922393577172315,1,0.15008130901615832,0.3422367840325351
Well_1,166.7966573816156,75.98582443061589,58.298691909791,0.16834592383897215,2.443273606333295,1.5593160834849829,36.25067381392884,1,0.14143923467290495,0.3853829922942783
Well_1,167.46518105849583,74.2527137409085,64.04005017609013,0.17215066105155008,2.425645419102762,1.6842544183340786,48.334187038664886,1,0.14248817168475897,0.21085522935458964
Well_1,168.13370473537606,76.56626883273555,53.715452041729094,0.15310509438920797,2.422804461426421,1.6471259778695513,44.3737342269508,1,0.14511025861867616,0.3645652552765267
Well_1,168.80222841225628,74.7786153160078,62.495283797421735,0.16181244370713893,2.442141689019388,1.6245404196650313,42.12504905941296,1,0.14011445812334794,0.7200983438540937
Well_1,169.47075208913648,74.54514078607235,64.76919927636615,0.15527430095155106,2.456635987471194,1.5130631897300324,32.588411360333666,1,0.1365269883144105,0.30735957275774795
Well_1,170.1392757660167,72.54270458631879,48.69570679140816,0.17370825027841116,2.443160910063854,1.572900321738802,37.40247331314076,1,0.1497876797810075,0.4113143614366016
Well_1,170.80779944289694,70.93459100502787,102.59764991968952,0.11061451701808044,2.5423827303520006,1.8891419914127896,77.4715047401717,0,0.06140249055063531,0.024456133568746635
Well_1,171.47632311977716,74.8098009485218,53.529682984653114,0.1652251509911285,2.4177264084561267,1.6953334959067998,49.58307944603798,1,0.1396575366220858,0.3703204895797854
Well_1,172.1448467966574,77.85410637260642,38.10543687723466,0.1902359224425183,2.3972123995811154,1.5105792420032023,32.402553921285715,1,0.1564400404726504,0.41060233395647355
Well_1,172.8133704735376,73.78593154474608,46.56194195159587,0.1944962812160355,2.43105613237183,1.5323295799653425,34.06666187282375,1,0.15927191054034354,0.354293198861924
Well_1,173.48189415041782,72.69469959868275,49.07342237145114,0.16727947755561803,2.421226878557596,1.8369518089791503,68.69922044323211,1,0.14007295400110042,0.3680272646329569
Well_1,174.15041782729804,80.02340253591822,56.25463736961728,0.18077642532440227,2.4127033173671926,1.5358561073452632,34.34441373898671,1,0.16872147583509176,0.5322718272997019
Well_1,174.81894150417827,80.80299393784827,61.783120082482434,0.2150601056832253,2.366964823129215,1.3463793719351178,22.201349411494302,1,0.18643848751428052,1.2607985354112399
Well_1,175.4874651810585,74.41926609594779,41.830157790383275,0.2031676925328558,2.3884126244670254,1.5601706034094809,36.32207103289415,1,0.1886242348834495,0.8391103183603363
Well_1,176.15598885793872,81.87212837267694,56.00978935255759,0.1875840478915886,2.3702072072450266,1.5302226140460475,33.901788803691254,1,0.17900172643774365,0.6386643852413492
Well_1,176.82451253481895,77.53419859020413,41.103049988913476,0.19361356070688998,2.395217630048501,1.520408725184741,33.14429037895049,1,0.18207063668636858,0.7628800573409452
Well_1,177.49303621169918,81.3801287518009,51.57454689761272,0.19470918832836903,2.3956287948904773,1.5189297861427826,33.03161333935658,1,0.17905224560975413,0.3555657246815349
Well_1,178.1615598885794,78.07059270472075,53.796167855229776,0.20011919113431054,2.388284482277698,1.3747022965647964,23.697487156662774,1,0.17108449949202958,0.6209370441392944
Well_1,178.8300835654596,80.21641664335326,42.109811709782704,0.21141069433433118,2.3627640857863343,1.4231511400082426,26.494220107724892,1,0.18737364639295853,1.192718014449894
Well_1,179.49860724233983,82.79507340806825,48.635028427906086,0.2084090589353451,2.375905402186737,1.4772014729043013,30.00554178767791,1,0.17992558052332625,1.0950430770255688
Well_1,180.16713091922006,79.58187550378852,41.136985162918705,0.21982147679211597,2.342307048672391,1.4390170747090645,27.4800219135182,1,0.19733284496914208,1.7567445572494393
Well_1,180.83565459610028,80.83936239449284,73.35828828256778,0.22348983557600066,2.352173792482063,1.2572901308792965,18.083818139147503,1,0.18991747954681934,1.533569962408717
Well_1,181.5041782729805,80.37228540849337,59.507529336639216,0.2027504431132994,2.4036846939078926,1.3715529459588462,23.5262629063695,1,0.182938161243167,0.8682239247686272
Well_1,182.1727019498607,79.65263856147455,61.61778510707436,0.1880303394140032,2.4160783919115123,1.5415341966214986,34.796390546786405,1,0.16443391791032563,0.4219430765141661
Well_1,182.84122562674094,75.92261299348519,51.54767237277495,0.19710226509594317,2.3970274385801282,1.5958365269917463,39.43088521410875,1,0.179248064678559,1.1549570756270287
Well_1,183.50974930362116,75.13977488150631,52.7847246612464,0.19661641776994124,2.386007973922035,1.5223929730453085,33.29606978055584,1,0.18364657431295844,0.942038273682626
Well_1,184.1782729805014,79.20465455560095,43.45049828630337,0.17106993589219605,2.376118636004282,1.63279013276366,42.932890894184766,1,0.1699179833869862,0.8315534337382867
Well_1,184.84679665738162,76.04000033259747,52.83301339373315,0.1836974962429998,2.386708826410181,1.485150822766475,30.559822173454503,1,0.1620953285189098,0.9080603694276791
Well_1,185.51532033426184,76.68282708204609,45.50755684030204,0.18923077443008357,2.4175254999367635,1.6182220374090315,41.51662462908713,1,0.16224406512929995,0.4147528235838792
Well_1,186.18384401114207,72.3713016714435,53.74810566518039,0.17885912536785123,2.4034214991310923,1.6016491399712023,39.962177085061285,1,0.15959308033343714,1.0476780553485696
Well_1,186.8523676880223,73.4348572893402,46.90051572297015,0.16982002089589607,2.419014390467784,1.7395584249926137,54.89824044283018,1,0.1537557077428609,0.33906610593127173
Well_1,187.52089136490252,76.14268097097349,45.72707715336843,0.18409360751001277,2.4138462670491987,1.6639187828931945,46.12313119501543,1,0.1548978270670566,0.7106998125640998
Well_1,188.18941504178275,77.18695168003805,53.73551065859264,0.16311150751711567,2.414277024934552,1.6551956546435582,45.20595565200365,1,0.15316602187559814,0.29328935460749317
Well_1,188.85793871866295,73.97618459077597,52.436227857946214,0.16153432723448347,2.4067090393619397,1.5641154166558222,36.653497081913464,1,0.15223326539956636,0.420031047729591
Well_1,189.52646239554318,78.94304696158648,67.25032525426401,0.17060979654834132,2.4260942551664177,1.608366114151146,40.585052691866395,1,0.1471253441612531,0.6851285764235224
Well_1,190.1949860724234,70.49001149300081,46.30940317712914,0.15990522352775158,2.448280678781942,1.8444452064191397,69.89485470395884,1,0.13396944455576834,0.20825500035585187
Well_1,190.8635097493036,72.25671852222385,65.74074693163422,0.17886727089845544,2.4341421970786374,1.555286798093317,35.915903672036194,1,0.14427225164886714,0.3655976616835276
Well_1,191.53203342618383,78.66634719456984,48.472380335746884,0.18110735760794186,2.4151679445961585,1.5564041781245805,36.008429334321754,1,0.15800061807540594,0.5275302371080122
Well_1,192.20055710306406,72.71462710412415,58.16306543546725,0.14079636404403584,2.466454211314057,1.6960726219944093,49.66753677281592,1,0.1304971312058485,0.24288674579797567
Well_1,192.86908077994428,69.25547989512813,46.92971200997441,0.14065375839701927,2.474877804932965,1.8008147423144538,63.21421399800398,1,0.12425499545661693,0.2980970574833882
Well_1,193.5376044568245,83.98341332487396,17.431224560360583,0.23662555596825807,2.318795259163429,1.503487782248489,31.877758946080114,3,0.22932219871297735,11.325127296582819
Well_1,194.20612813370474,76.32650694711936,53.007937752438494,0.16302482526353101,2.454421789887753,1.658396956710958,45.54041214586677,1,0.14155200838355753,0.22956224684789456
Well_1,194.87465181058496,77.09651283316902,63.41236403967923,0.169414767146426,2.4401085318188356,1.620816295496813,41.76536637608684,1,0.14299941970438515,0.27456573787865374
Well_1,195.5431754874652,72.2299129490972,57.87359725203731,0.1572313142241255,2.436984859900251,1.3968229565877,24.93577993891756,1,0.1406745677597825,0.3218727779408593
Well_1,196.21169916434542,75.6869578549912,59.780576956390036,0.17763357398704058,2.4269715913546963,1.563467537839949,36.598858302878995,1,0.15823503141986348,0.5252955444414842
Well_1,196.88022284122565,71.82802787605141,64.72218882957496,0.15349524932343123,2.476140747977457,1.6618443114083208,45.90334261750512,1,0.12076550653147494,0.14898593262596174
Well_1,197.54874651810584,81.02288170405667,46.242462456878776,0.23325343383647248,2.33590134373225,1.4726175770620844,29.690504492268005,2,0.21628801915923637,3.0175913629787368
Well_1,198.21727019498607,84.48453145656063,31.26819138080591,0.2281183456805771,2.322090916993258,1.6432455851169514,43.97902379961446,2,0.22998570473287663,5.457886361962212
Well_1,198.8857938718663,81.91657849577588,48.724581450767616,0.2144939068980659,2.341111036767116,1.403876601962805,25.34408415364162,2,0.19516879547223237,3.41860176058369
Well_1,199.55431754874652,86.6234792608215,40.471987790978154,0.20712979955225724,2.3179343524925207,1.355448601629509,22.669847656123604,2,0.221733932008615,3.163581373237449
Well_1,200.22284122562672,86.80170609184762,39.20478615776372,0.22605791294646116,2.3388313335128017,1.1751506308059498,14.967547008485495,2,0.20488501390078356,2.6549658707723944
Well_1,200.89136490250695,82.03396260592653,20.48642388799831,0.21904653871260843,2.345381022136043,1.5246687361817433,33.47100372890394,2,0.2167702762717142,3.366238329739629
Well_1,201.55988857938718,83.75715526030902,39.75190202725201,0.22397083791233288,2.3301632535748875,1.4925886563330775,31.08770458486929,2,0.2317670699230159,8.857953804374157
Well_1,202.2284122562674,89.92197780354672,44.67328010413707,0.2611401234928091,2.2856592528553734,1.3154733878934586,20.676326804545283,2,0.24530297306149382,11.149511354198784
Well_1,202.89693593314763,86.81330266155551,25.744379414713592,0.25767380268304935,2.2831988184909155,1.5729274907428732,37.40481324555655,2,0.2472461529517171,8.821227091501562
Well_1,203.56545961002786,86.60967377942626,32.29255063928294,0.21995808767761962,2.3211501412186686,1.6100981934684067,40.74723964163855,2,0.23168206889882023,7.6435249764924205
Well_1,204.23398328690809,89.02465344763579,33.81399381892125,0.2671344637631463,2.283522457586561,1.429585892108423,26.889695984526146,2,0.262434026536415,13.702919132032894
Well_1,204.9025069637883,85.22153035419029,44.896898098108835,0.2445125698745113,2.3043362808330086,1.387354292812084,24.39800369883113,2,0.23545775479457307,8.157876966083712
Well_1,205.57103064066854,87.54109851861911,24.62252039928793,0.2721998349328531,2.2659637069553527,1.5032068846790172,31.8571473790454,2,0.26426714832981146,10.58851411460716
Well_1,206.23955431754877,90.05285146721913,28.198120242529694,0.23856004201758196,2.3143401172192872,1.468852768940426,29.434236085860732,2,0.24352557025524843,7.457313112338158
Well_1,206.90807799442896,86.8371399888736,27.089931110561444,0.2523872055427984,2.2959080244625296,1.3839331840759124,24.20656601640074,2,0.24107133462868244,8.423479975375866
Well_1,207.5766016713092,91.02391176310009,19.336829829321132,0.2510902151987774,2.2986053794198638,1.2910817484034722,19.547073609051328,2,0.2451500866224452,7.997266840013885
Well_1,208.24512534818942,89.96446552365182,33.64176121528835,0.2801600454839577,2.2544326467193496,1.3589280752993385,22.85220310429415,2,0.2677336864852738,25.55217000040137
Well_1,208.91364902506965,89.96145737935244,43.34705488058673,0.26605602669540473,2.2770283705785674,1.3980651666279413,25.007205709333782,2,0.25281150843655714,14.005706743538452
Well_1,209.58217270194984,91.03249918036161,38.12936333801797,0.24038232366214646,2.2997492996436564,1.6870786608250279,48.64953133209583,2,0.2362713526021564,3.8004156400283784
Well_1,210.25069637883007,85.7270649179242,49.27942529789249,0.24339565223887896,2.2947193171607836,1.4011300272985519,25.18430830363424,2,0.23915216750839804,10.102493332869933
Well_1,210.9192200557103,87.64071467082577,19.394393163046434,0.2692549111003374,2.2782476502588724,1.3643673911276073,23.140215073694897,3,0.27967600832198397,41.46870125821117
Well_1,211.58774373259052,94.15821766393887,20.62349680197633,0.27404400227817866,2.242003786958246,1.3195607044726987,20.871838442686094,3,0.27363200561376755,43.07007229663894
Well_1,212.25626740947075,90.66735388384951,20.5922665147283,0.2868755477172157,2.2347136397716194,1.4933055466091776,31.139063463068442,3,0.2915718015877361,41.7657943819477
Well_1,212.92479108635098,90.65358329786378,24.602824284616954,0.2699669768551918,2.2470479256527125,1.2934018215694054,19.65177674060816,3,0.2696908119074781,25.816668477433662
Well_1,213.5933147632312,89.21886996278302,16.833022393149157,0.27983426238022485,2.2485525319713786,1.528119234800566,33.7379923020396,3,0.28027427142374967,25.52018860381181
Well_1,214.26183844011143,90.19741669850171,16.511779534039253,0.2658851316006434,2.2846179642254523,1.5702200977646954,37.172356858025864,3,0.2679149409154808,36.67886123495355
Well_1,214.93036211699166,87.45330030362096,24.952533870906734,0.25930669166685283,2.256465978494361,1.533163924410387,34.132171916124264,3,0.26299406856434804,31.882075473777494
Well_1,215.5988857938719,88.78992991790052,21.559784138890084,0.26317486311306876,2.262892922461304,1.4737924750872728,29.770935039032675,3,0.26261863301392285,13.562453197374762
Well_1,216.26740947075209,73.64695658495123,50.22459184547574,0.1584443282695512,2.4355452470088763,1.70207282701243,50.35850480825944,1,0.1280315039895763,0.27037139007884253
Well_1,216.9359331476323,86.87636543820632,17.334671354484332,0.26776876608031414,2.261124279620612,1.4883911343292284,30.788684571983662,3,0.25708630393109955,29.61230778961746
Well_1,217.60445682451254,85.65375839699463,37.87643430884803,0.2690419063009411,2.270833042146754,1.3811953759386815,24.05444693373307,3,0.24565052570061272,12.861307626488202
Well_1,218.27298050139277,85.0621578474148,27.828063770556,0.2375871174430463,2.314772946893208,1.700654895389981,50.19435702166982,3,0.23460104418307196,10.636154144426152
Well_1,218.94150417827296,84.64124032369955,23.930349787589613,0.2554557040441806,2.3224603093503315,1.4305780657736087,26.951197449047047,3,0.2421304868625387,13.668626358787714
Well_1,219.6100278551532,86.11993558043474,18.814539233524997,0.2557307267639038,2.2871674610199446,1.6115576015854678,40.88439745349361,3,0.25002690535913624,17.705661227262944
Well_1,220.27855153203342,86.92221788821921,26.46921707165533,0.24874242587398845,2.2760997411554524,1.2538924859267577,17.942893770248347,3,0.23729136221541736,9.095372101581166
Well_1,220.94707520891365,88.09636857141867,31.141350482435467,0.259311632049327,2.2849426840112734,1.573680608888688,37.46973390231759,3,0.25571310205362063,14.59457218129584
Well_1,221.61559888579387,84.80137645263798,13.916120808096597,0.2272324675707138,2.300425801275902,1.7049032545496505,50.687778125479475,3,0.2365558095739347,16.46582789512055
Well_1,222.2841225626741,87.51074676927907,22.382463244286278,0.25010941949171106,2.305133910358882,1.4807893292054104,30.254454665157933,3,0.246659514067644,15.235698219414804
Well_1,222.95264623955433,86.17770569252366,27.986387944641614,0.2454659756621107,2.2838797396096235,1.5322348779946535,34.059234128689795,3,0.2585496583434208,15.640107217962566
Well_1,223.62116991643455,89.66433463575109,20.348479802874476,0.24334077431496623,2.2722925830022866,1.5619331005735668,36.469776396334815,3,0.2580369714703183,15.982398589386248
Well_1,224.28969359331478,92.06467743093933,22.525883432883454,0.2567084101435158,2.269744149042511,1.4363805390467266,27.31370025287888,3,0.2645010037545324,17.35161436845162
Well_1,224.958217270195,86.56448158295676,13.519050532901916,0.24593339029237124,2.2960391196985834,1.5789006557593208,37.922822713741986,3,0.24790162259390014,21.473363013821125
Well_1,225.6267409470752,92.04534925514264,25.92489708050008,0.28220528203084466,2.2480155971557116,1.3532730504045605,22.556569471013617,3,0.27126285813160783,26.433133466489654
Well_1,226.29526462395543,90.18732035790342,30.841781687571974,0.280581151305437,2.2476445699419734,1.3691077749923848,23.394177190831996,3,0.272202454201788,34.41970529444149
Well_1,226.96378830083566,74.79340556723825,51.92435908282662,0.15757700007041567,2.4366156611276426,1.7712693450539239,59.05672304539172,1,0.14311025439093394,0.4581335828071981
Well_1,227.63231197771586,92.24405016091298,24.524725359870427,0.2605738094272041,2.257692923925543,1.5714748750762935,37.27991170421262,3,0.2636643746511669,22.974634229587252
Well_1,228.30083565459609,93.43877625730386,26.164698668886714,0.26872226746707667,2.2423842229618582,1.3237073653236324,21.0720780061533,3,0.2760384734186492,42.292337589811375
Well_1,228.9693593314763,88.63277591729894,22.71646870423533,0.28236575679155784,2.2117586201812913,1.3157412124570727,20.689081597162318,3,0.28092205104854573,75.6920459184829
Well_1,229.63788300835654,94.6375473476571,31.362574179134842,0.297219528475724,2.2185821140276087,1.2727514540522187,18.73921759091587,3,0.2835960624311148,32.1631022717357
Well_1,230.30640668523677,96.68974739063341,36.598492590726806,0.30333001131160653,2.23024768003504,1.4151124067104701,26.008326392066984,3,0.2897403633211834,48.90866822584273
Well_1,230.974930362117,93.05210356468793,19.07144498669928,0.2873494481272541,2.2263676203864153,1.3236511354001117,21.069349892668978,3,0.29085491157505416,81.61666677651608
Well_1,231.64345403899722,98.31278052327468,27.955126207317118,0.31907481221875966,2.2056000251287164,1.3290743519639732,21.334101253744088,3,0.3004212474056835,103.13771253831794
Well_1,232.31197771587745,90.70479236924628,18.48254866479715,0.27154925395729046,2.235999125506321,1.51044427496784,32.39248564424057,3,0.28311853687315025,28.90127335870196
Well_1,232.98050139275767,89.80739915654267,30.10305581053122,0.278935950707365,2.244943175139657,1.3559961136270628,22.698445396251394,3,0.28113570051086245,29.06122112476608
Well_1,233.6490250696379,92.97069997794644,22.175848323610055,0.29419734278181503,2.2449534110632157,1.5079654868229866,32.20812824641378,3,0.2867366035930017,63.151705655265204
Well_1,234.31754874651813,90.38297971576097,23.985230901500803,0.3132501377134434,2.2211186987087435,1.3687716663530747,23.376079002805383,3,0.2976618706978634,50.94019890655608
Well_1,234.98607242339833,94.69193123201596,22.28080632344506,0.3090452586057943,2.216495839722922,1.376273677450756,23.783385616850676,3,0.30389991493112833,87.88222790479138
Well_1,235.65459610027855,95.79727943636681,27.248657081353546,0.2895021115660352,2.2391022152248623,1.3129801192150758,20.557964852252802,3,0.285883787918175,43.852365144345036
Well_1,236.32311977715878,85.23498795587999,26.78438488102507,0.24753829046531173,2.260658366981031,1.5931219298748787,39.185187561292025,3,0.2701311203060916,26.769019081635125
Well_1,236.99164345403898,88.29812893292147,33.67665468704806,0.259326777453526,2.2331846657007994,1.323619566812986,21.067818430810384,3,0.2707384713897559,28.90276130293454
Well_1,237.6601671309192,75.99071277788372,56.76979419965571,0.193665909685174,2.401878417886844,1.5004275048317326,31.653920321686805,1,0.16549653783181878,0.5151476617317111
Well_1,238.32869080779943,76.77875975360344,44.94990091720817,0.18138584622330228,2.4149282508755365,1.5650389104218847,36.73152084674018,1,0.16653743998527992,0.6587473624348024
Well_1,238.99721448467966,76.40504117205003,54.775428729938014,0.17617000668028457,2.4202928838454727,1.4258925013468373,26.661986325643195,1,0.17095766221260134,0.6236426577720005
Well_1,239.6657381615599,79.82652981003861,47.581809607111566,0.18407991439889707,2.397565411860299,1.5138611712845171,32.648345018010055,1,0.1594136796336669,0.4963051616086263
Well_1,240.3342618384401,77.87504050553473,44.647545406437295,0.17821681628381275,2.408498378460565,1.7380579188124583,54.70889194453861,1,0.16123978844839476,0.6047995303397059
Well_1,241.00278551532034,78.99146293655195,55.39113864133823,0.19893059671541732,2.4052880926295175,1.517869095366751,32.95103765003798,1,0.15941851093642653,1.9025560281273124
Well_1,241.67130919220057,74.86616730442934,51.019587346565054,0.17027958163048967,2.433283467353623,1.5190571960988086,33.04130532020291,1,0.1490406492410966,0.2819880134579301
Well_1,242.3398328690808,75.63344258079388,59.235027437886856,0.18094787373602453,2.409592043946258,1.593880440302883,39.25368565492506,1,0.1497127643993673,0.4338696669862249
Well_1,243.00835654596102,73.10957690906592,49.51708701163726,0.17223900188870206,2.4335875463180443,1.6038199363471979,40.16242581341426,1,0.15464076202854618,0.4115910722931245
Well_1,243.67688022284125,74.50300867162663,64.65540729184703,0.1552228252957439,2.432114023478161,2.0008747155734934,100.2016136716153,1,0.13279543111587447,0.36040108929185516
Well_1,244.34540389972145,72.05519859485804,55.09189213800263,0.17829916329124212,2.4225668922027634,1.646042298789113,44.26314810474346,1,0.14517170348898817,0.38982797696139815
Well_1,245.01392757660167,76.0739479289122,70.06878410040365,0.15796781937203366,2.4561674931108906,1.5684858965234914,37.02421817919201,1,0.14339127536366647,0.33778274075384085
Well_1,245.6824512534819,75.66167827413547,52.13008757311568,0.18488038306804616,2.473403858358138,1.8212240141603853,66.25581708103677,1,0.13895065134762663,0.4259943085244946
Well_1,246.3509749303621,76.07024597452651,51.884791665684205,0.17927350130205566,2.407032673379688,1.4038375059849715,25.341802735857673,1,0.15190838790511707,0.5557180374750332
Well_1,247.01949860724233,72.10179072135051,53.014545232602245,0.15923673113405892,2.451850326685483,1.6986605699683368,49.96438774024139,1,0.13401358686641204,0.3392550016855995
Well_1,247.68802228412255,76.80962428806234,50.547451842590654,0.18296591825268446,2.4189261167149954,1.8008336206576079,63.21696191586082,1,0.16066715904120107,0.2963846652291955
Well_1,248.35654596100278,67.42249314479025,59.194129247015795,0.18036887885603076,2.467130687537714,1.6154863411203018,41.255926162158346,1,0.1373202254699909,0.45168518237747396
Well_1,249.025069637883,73.15576803331712,67.34018275286304,0.1626948219735078,2.4506933914577154,1.4956769377547587,31.30955807720878,1,0.12928884361814375,0.3469516559536414
Well_1,249.69359331476323,74.40782811560022,52.43663074094837,0.1551124991269418,2.4276269241961117,1.5591456801522285,36.23645299332672,1,0.14124733189865588,0.5532878519060466
Well_1,250.36211699164346,73.83826739083851,65.84061506961238,0.17730937066918923,2.4627481724592957,1.741156307459832,55.100597395823904,1,0.1403995955007967,0.24832056982345174
Well_1,251.0306406685237,76.34566658120735,62.1306998541684,0.16706929503898285,2.4286162887131435,1.608247887849636,40.574005884147155,1,0.14675322117796188,0.3178868421785699
Well_1,251.69916434540391,75.72414160971235,43.795760036877546,0.1787904383965503,2.42878405658761,1.5051704223650428,32.001506408370496,1,0.1589337602909672,0.53860776795487
Well_1,252.3676880222841,74.51687860662257,59.375627178070594,0.17339657382317192,2.388978729702913,1.4657458912127317,29.2244193595396,1,0.16659542674059633,0.601801424145644
Well_1,253.03621169916434,75.06374602309639,56.70257175680818,0.17933003257976884,2.422352973492685,1.555467061114709,35.93081441443922,1,0.15591002713614008,0.45793276298553015
Well_1,253.70473537604457,78.65472223907021,49.42656926170558,0.18871757678605958,2.3702995577687362,1.5401983244661153,34.68952271010994,1,0.17507441990036973,0.804077471869232
Well_1,254.3732590529248,79.18895000012817,50.44321478104993,0.19846367144285637,2.372748983295649,1.645800584220031,44.238519491227535,1,0.17966670516818975,0.5828011629197839
Well_1,255.04178272980502,81.38863500779215,53.34868005944045,0.20778874612121878,2.3777768911710266,1.4944462656086703,31.220960915931705,1,0.18387625561801443,1.387098784624896
Well_1,255.71030640668525,81.85109331659119,49.179693149303056,0.21861969610910734,2.380327361584288,1.511431333865981,32.466190594006555,1,0.17702564440738575,1.0509618546122048
Well_1,256.3788300835655,78.45528925206776,57.703434669845784,0.22758775093435735,2.362371984471565,1.3188404942157224,20.83725440944515,1,0.19829081044974362,1.3634652881992517
Well_1,257.0473537604457,77.84294447980274,57.43648109901949,0.18783561024255532,2.3948841965874976,1.3648934514796898,23.16826176973771,1,0.16084928928986103,0.48666915361218477
Well_1,257.7158774373259,80.96823079859267,36.814637899318456,0.19346428204160643,2.3902142112329066,1.6348934476937609,43.141321844185505,1,0.17606241033566053,0.9136550676935904
Well_1,258.3844011142061,73.87070093389568,44.31590841356418,0.18661369740893036,2.401948214764566,1.4537692435319634,28.429501431641476,1,0.17705514657370208,0.42954099454921074
Well_1,259.05292479108635,81.13477712567858,55.09799040330712,0.21868547454323375,2.3817239233169416,1.3999280458871317,25.114702954646326,1,0.18623194381694638,1.3348181608842102
Well_1,259.7214484679666,78.16833810505344,51.5504034498296,0.19773676353605804,2.3476200842727817,1.5084614023272938,32.24492731641394,1,0.17388740056704743,0.8448684834225293
Well_1,260.3899721448468,79.30153431674908,58.58427725192386,0.20110561979626246,2.3640995723424716,1.3415005076593176,21.95333515326871,1,0.1875994624405073,1.2179681986078863
Well_1,261.05849582172704,80.04132994966419,40.918820890354674,0.22658506128964692,2.3544502840314787,1.3571454302195887,22.75859409883099,1,0.20057909494071233,1.794129669904249
Well_1,261.7270194986072,79.32726891462025,48.9445270026401,0.19745519739181294,2.3777400259628405,1.464988262243777,29.17348165234352,1,0.17692935105797855,1.2446583757222422
Well_1,262.39554317548743,85.4090043875482,64.7301486792712,0.2119799493597743,2.3691136733611438,1.419340093935262,26.26274361242087,1,0.18976382648446233,0.9200001224765896
Well_1,263.06406685236766,76.71659623193318,62.70386950588452,0.18648233649026302,2.3857534035928656,1.5594298253729146,36.260169122374634,1,0.17962060700788962,0.7942295781791517
Well_1,263.7325905292479,68.41622648777597,100.9106203982632,0.14977697878041982,2.478581252833138,1.6219117654977624,41.870848854009786,0,0.0923465220893198,0.04564514340852499
Well_1,264.4011142061281,75.46014001200889,47.99417493309873,0.21102984829919513,2.386377842046414,1.5304430981219153,33.919004546981185,1,0.18105379702441976,1.0677351552739984
Well_1,265.06963788300834,74.08377905772721,96.48655784587405,0.14556443462764737,2.48618898261216,1.53127926522929,33.984373272395025,0,0.0974515002293026,0.0621786577720159
Well_1,265.73816155988857,68.81680319681284,78.90227697573776,0.14990868631260817,2.506902325570696,1.5534966220957716,35.7681618549531,0,0.0979186826931623,0.06512686584811447
Well_1,266.4066852367688,71.20762048909398,104.3059234325009,0.13756697451683111,2.470199773126648,1.4954596250837173,31.293895290838172,0,0.10523120163901256,0.05536875808513234
Well_1,267.075208913649,76.49264811139035,52.29810747899486,0.18915928518960964,2.404186141143961,1.5512164788954832,35.58086311273318,1,0.16400628599495656,0.3050651720589469
Well_1,267.74373259052925,65.65576156119326,92.33015155555063,0.11452788451203771,2.517557724732411,1.7925940934433946,62.02890197741783,0,0.08236719241153352,0.046394759594483775
Well_1,268.4122562674095,64.77477257229141,87.13632456791852,0.1049103185995747,2.562778443047597,1.6947042568558206,49.51129170781833,0,0.06090247125648529,0.014197811447806331
Well_1,269.0807799442897,71.44181477585977,97.91794032186495,0.11886008160557517,2.530011304932421,1.778531437163747,60.05254774186209,0,0.07238359365816621,0.034711658888074245
Well_1,269.74930362116993,70.20631893962651,91.80249873082697,0.11992425543931365,2.5347376814376297,1.9053939114239633,80.42552627086002,0,0.07845513805432748,0.03468354587945902
Well_1,270.41782729805016,65.34191729230649,89.03827229146212,0.10643534574666297,2.5387971895312758,1.776329420331676,59.74883205969345,0,0.07353936838514381,0.055450689170011426
Well_1,271.0863509749304,66.26916322700275,80.44361396992201,0.0927122736100808,2.5446327563546665,1.804059484220152,63.68827471582357,0,0.06245345693266386,0.021040509163257486
Well_1,271.7548746518106,65.18003848939865,100.92634306431643,0.10518307361064565,2.52299996509142,2.0117022226111874,102.731167235096,0,0.07069831652990215,0.02339471683091453
Well_1,272.42339832869084,62.469797202316265,103.00600959468451,0.11791529271532011,2.5284047783956205,1.8150990474838615,65.32795260238503,0,0.06533838079252414,0.03771925090005272
Well_1,273.09192200557106,68.99530213954559,92.18855366798657,0.13481939068938947,2.524055641286491,1.8397742173261558,69.14713926691938,0,0.06620141574585894,0.04344210448678244
Well_1,273.7604456824513,66.84156197688029,81.22721238534723,0.11336041051636433,2.5620035263919188,2.0279956094267977,106.65853383516556,0,0.05752526872151697,0.01870494321175675
Well_1,274.4289693593315,66.58807781070348,92.47688629335786,0.08352211722248373,2.5558340070614003,1.945652280262308,88.23731416851525,0,0.06048531620194491,0.018356089331296628
Well_1,275.0974930362117,65.59896902578585,100.88084716373547,0.12776626343604153,2.533626428940103,1.7239478463422715,52.959984136266065,0,0.05518538564078322,0.02741362664793599
Well_1,275.7660167130919,59.79782636041928,72.99794282023765,0.08301466297410827,2.58006241822759,2.583600657043709,383.3545807353861,0,0.03865938331311649,0.014869758006989921
Well_1,276.43454038997214,68.07453689414535,87.97828373839754,0.1002570554107476,2.5181857912585923,1.92401407385743,83.94871907140022,0,0.0678471214379007,0.023611800701877732
Well_1,277.10306406685237,61.60158295921403,88.91068320689016,0.0750380029807918,2.618441671052829,2.417716767153795,261.6476070416429,0,0.04121680641087778,0.009035379651124062
Well_1,277.7715877437326,64.07296004216089,104.08265091288989,0.11405212728996139,2.5458453708475135,1.9848936901579215,96.58144307921822,0,0.05418415629989136,0.014299803218580957
Well_1,278.4401114206128,79.43644469899772,37.47778493816774,0.23008512643893642,2.3276619727510997,1.448780929834275,28.104827874164357,2,0.22149577064678283,3.969485996793581
Well_1,279.10863509749305,84.3819206644955,38.87969668086395,0.22029872915308882,2.3455890011569736,1.6167765033216939,41.37866770686418,2,0.22082047409431235,5.924282049593898
Well_1,279.7771587743732,84.8366507076388,37.25429899408178,0.22675840149653576,2.348725273101806,1.434901552908226,27.22084188453433,2,0.21153551438793194,3.221340804256503
Well_1,280.44568245125345,81.6789479529893,46.138125670215146,0.21354067206532903,2.3343868480225116,1.465295209175999,29.19410792387397,2,0.22154141215858497,2.6803048804390563
Well_1,281.1142061281337,88.05059267090431,28.507608710145586,0.24649669252658746,2.2974879704444526,1.2956347283325629,19.753075710985925,2,0.23889113636568146,10.11972323730945
Well_1,281.7827298050139,85.60587074455326,34.07146233120585,0.24713850588673708,2.3148265405308095,1.2705640994225553,18.64507348741724,2,0.23129857473581902,6.237706857548957
Well_1,282.4512534818941,89.79710627309235,21.085771808518047,0.2587825267467616,2.2793525868942623,1.5081607157608439,32.222610061078086,2,0.2509201120574452,9.315782016072607
Well_1,283.11977715877435,88.80342753287997,32.808264656206475,0.24509328806065014,2.280527230096648,1.32587589454641,21.17755871722324,2,0.23861229465616587,7.569361249696691
Well_1,283.7883008356546,69.90412385906238,91.57369928911162,0.15460930160127914,2.4754679251005327,1.3606491068433284,22.942941980096204,0,0.10719134707990421,0.044965762360009924
Well_1,284.4568245125348,85.31156066851909,30.91725125346954,0.27173980102528567,2.2788583626313534,1.4847662821137901,30.532775334542194,2,0.2589735602735442,10.815550962890576
Well_1,285.12534818941504,86.14264804788375,36.214717603900304,0.2645615980601222,2.3163835436291533,1.65252110038078,44.92841528002945,2,0.2521071008850363,8.240899276037796
Well_1,285.79387186629526,87.01003183042333,27.53422018702842,0.24655831409301912,2.3156985196438917,1.6763767195350512,47.46535348788101,2,0.23215856065557952,9.019658301653905
Well_1,286.4623955431755,86.14213982344369,35.28869377602647,0.26253695096610374,2.262110872620044,1.4057091261206591,25.451250539240114,2,0.23816735522414892,6.897998307151672
Well_1,287.1309192200557,86.2935099502035,40.68130881047461,0.26228868593994725,2.286977907474567,1.3974362020604763,24.971015375329113,2,0.24026764972931514,8.848427044109908
Well_1,287.79944289693594,81.49468908527055,34.194104575161006,0.2433478256622984,2.347780709906122,1.5536606942525792,35.78167726531778,2,0.23427709654242743,5.876627035339459
Well_1,288.46796657381617,89.70642072339622,26.733499601187006,0.2446431394000059,2.317278107782981,1.6350443992970336,43.15631946414824,2,0.24243427746637208,8.406875003547498
Well_1,289.1364902506964,87.52109605477828,28.620152408112123,0.2402706830095695,2.298918192755721,1.4407999623687249,27.593066167257522,2,0.2348050463971742,5.145065945473929
Well_1,289.8050139275766,89.86140617646326,38.580116720814424,0.2470966532458792,2.2918760970713974,1.4012919416859326,25.193699309605503,2,0.24277874864260282,11.557452468456026
Well_1,290.47353760445685,87.24896304724341,26.51508408225638,0.23062253909783012,2.3038230028218787,1.5770348493347028,37.76024898772712,2,0.23980347646331726,5.8692571158918
Well_1,291.1420612813371,85.93533511974628,23.98126625783222,0.23348893976300816,2.301756061455112,1.5837533029867792,38.348934599036326,2,0.2261137639333487,5.15763348883993
Well_1,291.8105849582173,84.94310745344346,37.686861165786006,0.24280061655466206,2.3086124703490536,1.4320612663601957,27.04339841147059,2,0.234102233094891,3.5621374701237336
Well_1,292.47910863509753,69.39656978681533,92.12131884352407,0.14842133517019618,2.497063067113293,1.608513063529349,40.59878751376908,0,0.10053297486299582,0.035003621503511245
Well_1,293.14763231197776,84.2494663275554,32.391006974625284,0.23853213720901087,2.291318507400318,1.6050572545213575,40.27701293840803,2,0.2306764063624774,5.058523894893344
Well_1,293.81615598885793,88.97689599769593,36.889826373639764,0.23449088327395343,2.324097570488705,1.5815224223056115,38.15244916006658,2,0.21353462055467198,4.917978680519622
Well_1,294.48467966573816,83.06728275014329,41.64522277430228,0.2270172517143203,2.351696275358226,1.5838268378959077,38.355428405180355,2,0.20545603047855443,2.7985447431557056
Well_1,295.1532033426184,83.4161584514108,41.62458384729185,0.2318813253875365,2.3187365337709682,1.6460236784125424,44.26125036288443,2,0.21625114604952383,8.907594156592733
Well_1,295.8217270194986,83.98398307751094,49.606864894191425,0.22910452863337402,2.3476238342407107,1.3986668254899652,25.04187396873276,2,0.20440259086818374,2.333555046936802
Well_1,296.49025069637884,77.33321815012859,41.64612869130069,0.2005836937876612,2.359390207591254,1.77318165393166,59.317338148508426,2,0.19067734955677498,1.9911655089741624
Well_1,297.15877437325906,84.78220778223832,27.816315735132235,0.22722556778450814,2.3632040899317643,1.6404089909770696,43.692710877065714,2,0.20365165713754005,2.1949354399772596
Well_1,297.8272980501393,80.40825122776218,50.26424595618199,0.22315784665683588,2.335924469335885,1.8641239995570693,73.134786777668,2,0.21457713772594664,2.9518732743325793
Well_1,298.49582172701946,79.96405765925691,34.02571901997133,0.18735630376726678,2.404822278836907,1.4875404759277069,30.728437387087396,2,0.18937928588899006,2.5607122688544637
Well_1,299.1643454038997,82.99476931001367,31.441802125158365,0.2113819544249458,2.3407743007401214,1.5267380410342262,33.63086525857349,2,0.2047061363626477,1.6183691226895434
Well_1,299.8328690807799,81.86580976818381,25.56004337380253,0.22731523859638136,2.3442676766854156,1.6458303132424352,44.241547880965165,2,0.20609819029077922,3.6765623000789422
Well_1,300.50139275766014,82.54921863832433,46.706660204317586,0.21826472847926012,2.354026656091418,1.5041189670267734,31.924122382538684,2,0.20352831353082293,5.814829162932797
Well_1,301.16991643454037,81.75864288169842,38.76107711838915,0.22067436524132408,2.374186717408404,1.7382096884325227,54.728013989784095,2,0.21107357576770355,3.876527005471653
Well_1,301.8384401114206,71.2444232085049,49.23242870567874,0.153696712056711,2.471440611248151,1.6776101539699912,47.60035086800332,1,0.12996115299369437,0.24875808650553005
Well_1,302.5069637883008,80.8134989316712,46.51512606958493,0.20935965980538154,2.3569046847622808,1.6065264319313095,40.41349701350266,2,0.20952686119778113,4.436561771305224
Well_1,303.17548746518105,79.98885123474481,33.5225077835373,0.21650193955473754,2.360329170006647,1.690797347438307,49.06788598154777,2,0.20306535804785406,3.6926291294363858
Well_1,303.8440111420613,68.95871557756304,93.88535296555611,0.09693421505348154,2.52526777536196,1.943018795516519,87.70387770486848,0,0.06340669641476615,0.01798458650976943
Well_1,304.5125348189415,83.5798990807816,31.256361159288826,0.224379589826693,2.3241651551345663,1.3941251118059903,24.781358576261646,2,0.21421139057536748,3.014373702662539
Well_1,305.18105849582173,82.42584720254887,28.298592154352836,0.24247798349823452,2.3088052399939967,1.6868552737656866,48.62451401853616,2,0.2205549096862481,6.265433441450807
Well_1,305.84958217270196,84.86329282156947,34.046297195924446,0.2473585425925305,2.2902925939241623,1.575910169782581,37.66258889801711,2,0.23359071268315057,6.934260241064451
Well_1,306.5181058495822,89.12666072577433,39.74993000302529,0.2454458275815091,2.306572307772955,1.445403676371123,27.88712069945713,2,0.23398630697484574,5.184626870527705
Well_1,307.1866295264624,85.95974890436698,31.42168488082917,0.23828453381950618,2.308800331265621,1.5002756933973789,31.6428573506948,2,0.2192534048455428,4.972802321239069
Well_1,307.85515320334264,86.42211843641077,44.303506781403904,0.23862602925840126,2.318806956713338,1.51663366871853,32.85743585401254,2,0.23181402815497681,5.059262716278933
Well_1,308.52367688022287,85.63224915802822,28.94993144258858,0.2458360355140176,2.2867507283435606,1.4708288916466914,29.56847264208824,2,0.23913522087816205,7.133066387006141
Well_1,309.1922005571031,87.07840652061957,23.483151053732627,0.2491387485460277,2.3117403876237423,1.5468748777020234,35.22693659477151,2,0.22749592069734603,9.590659003075773
Well_1,309.8607242339833,84.91829588596092,28.086223362139776,0.2399651285885279,2.2961970003087813,1.4704509029220345,29.542748882338213,2,0.2352509220523926,5.543352071341882
Well_1,310.52924791086355,87.02441600596087,30.67859951529478,0.2550541138628426,2.3071673778617465,1.3628042118884416,23.05707498124032,2,0.24911023236598076,13.023984554440359
Well_1,311.1977715877438,89.49105286919803,40.366834390343215,0.24991257902183425,2.297300168679403,1.3022816599885894,20.057724415067383,2,0.2429848466514922,6.328987826214796
Well_1,311.866295264624,87.13645632601371,26.696213019219986,0.22550207932848698,2.3287233020708684,1.4649637949370262,29.1718381214037,2,0.23221741870939852,5.650557097785049
Well_1,312.53481894150417,85.03494271952495,40.735510539465324,0.24340967805187166,2.2849373161587514,1.4343495414267466,27.1862647200436,2,0.24121227190131606,14.627200798254485
Well_1,313.2033426183844,86.1635480260628,27.702408218900505,0.2717096967341409,2.2847879796868047,1.4366669946423096,27.33172199510759,2,0.25448148016620736,15.64885145866642
Well_1,313.8718662952646,87.78748846546732,36.54449452818118,0.25759694003364186,2.277601507744318,1.4437737379678306,27.78265448844785,2,0.24765533651339794,12.682613800252668
Well_1,314.54038997214485,90.89455710153777,22.679127763857544,0.23981278594298583,2.2878819237694925,1.5332082642082627,34.1356568576245,2,0.24649394942467534,7.358681927760375
Well_1,315.2089136490251,84.47841336173852,36.669038375575674,0.24733616588098278,2.2759142874144462,1.3048618181255605,20.17724271060251,2,0.24674226214974557,8.471081913908424
Well_1,315.8774373259053,87.53557431508486,34.749203566088056,0.24880201031088123,2.2887288452333174,1.5507044866841404,35.53894134851971,2,0.23497035734999705,8.464816228320629
Well_1,316.54596100278553,84.98270774939334,31.915524217465187,0.2709690289221155,2.2703575431232226,1.3664751010192815,23.252791690956645,2,0.24736691909905306,10.429959538025601
Well_1,317.2144846796657,84.35382612195853,30.373778999258384,0.24147880818909656,2.2888190304330847,1.4788740899757462,30.121326244773023,2,0.24031152483865695,7.3766230779156565
Well_1,317.88300835654593,83.51271193109201,40.62534756736117,0.24488265685422114,2.29515306670646,1.5190974705614086,33.04436956019486,2,0.22462554552413572,4.793927688417049
Well_1,318.55153203342616,86.40487807275537,39.87003944810535,0.2558837974375703,2.2789973773030057,1.2417588797687906,17.44853141745393,2,0.2435686222266345,8.880721280673072
Well_1,319.2200557103064,81.8414294614452,24.78087414591035,0.22979514648019092,2.344511716600675,1.5010222201388994,31.69729634182964,2,0.22548555258943523,3.2020185245712196
Well_1,319.8885793871866,81.74142021955147,36.649887053011675,0.20468059332808863,2.331420356957421,1.6530929704874842,44.98761506794101,2,0.20875698480253863,2.9444974847641308
Well_1,320.55710306406684,81.07315468560861,25.97160647723431,0.22839804353696336,2.3292899888207947,1.3567872402455017,22.739831393335862,2,0.21355080846528754,4.729627098830248
Well_1,321.22562674094706,78.64543292703422,40.084714651961484,0.2143795618470731,2.374757102997636,1.6445446214133281,44.110768222612826,2,0.2107256041514592,2.7074893800899296
Well_1,321.8941504178273,91.16039002531498,25.494514243685387,0.2747968875794353,2.2592345427635623,1.6083848544426937,40.58680401996679,3,0.260452575670149,21.435410658547184
Well_1,322.5626740947075,90.2434374535478,28.334258102630926,0.2541308408717921,2.2810130104439774,1.43149628524421,27.008240066161594,3,0.2505084155591149,13.543448162438567
Well_1,323.23119777158774,90.57636943662654,33.21764296985275,0.26352329293421867,2.285268836590454,1.453517781066613,28.41304512481494,3,0.26066194434509043,15.596615382666116
Well_1,323.899721448468,86.17433349761869,25.101037230803243,0.2706164274535793,2.2761902729663683,1.529867049184856,33.874044146214544,3,0.261813028974771,17.511495156256064
Well_1,324.5682451253482,88.45815949330562,12.176388642744671,0.255354277941917,2.2641015558688693,1.4736326804414421,29.75998311324132,3,0.2495326342091153,24.851154068223018
Well_1,325.2367688022284,89.28636473203478,18.488572167500084,0.26021922089566185,2.2814928099527383,1.5908944214832295,38.98472019291522,3,0.2519229676167503,21.278618756424095
Well_1,325.90529247910865,71.67690989991982,55.56410485852452,0.16282226594366947,2.419438081127314,1.5753307531006617,37.61237462527805,1,0.1478259875266448,0.2294828755460176
Well_1,326.5738161559889,87.79853631892843,23.117044595576882,0.2507559149511946,2.3159313606364145,1.4729515017700896,29.713342004538067,3,0.2551287454040345,21.65424467633312
Well_1,327.2423398328691,84.22382940405171,17.33927345914281,0.24947349270624894,2.299843204863817,1.4729970151662493,29.71645608041764,3,0.22987921995039498,7.820776164389004
Well_1,327.91086350974933,91.70218359996952,25.248412154583203,0.26452979474175037,2.2744883181229136,1.48619849880973,30.633632558005242,3,0.2539591594026562,13.20063350338858
Well_1,328.57938718662956,88.45100554523698,16.05040908999571,0.22677392222236845,2.308741158706909,1.7038245004315415,50.56202981912138,3,0.22908255634226682,13.591579052788703
Well_1,329.2479108635098,84.51987898209612,23.645937076085918,0.2639421555170957,2.2617852298541123,1.4557535301284974,28.559692698222488,3,0.25177388037885173,18.243990697075244
Well_1,329.91643454039,93.34996768767449,12.856333365436642,0.2504615565984826,2.3008029147841187,1.3920553950768153,24.66353905244716,3,0.25764121219098607,25.244732485416808
Well_1,330.5849582172702,87.77313505766679,13.104183966456917,0.25885656782916505,2.2942489076760935,1.3733131001903958,23.62180609540858,3,0.2703970722249325,21.54556974396279
Well_1,331.2534818941504,93.75505998953068,27.22792309449207,0.28978895349802325,2.239935731656028,1.4132278137219985,25.895709455162514,3,0.2750162507151598,25.12518973360816
Well_1,331.92200557103064,91.75985164245157,21.31511998174624,0.25309428692880004,2.2474912097311806,1.664170590953243,46.149881578290525,3,0.2709851928712547,23.366802786731615
Well_1,332.59052924791087,87.51533098901076,20.180565451562437,0.27696060639481107,2.235997542154498,1.481942009117462,30.334860989612316,3,0.2651572483149648,22.759458785114766
Well_1,333.2590529247911,92.03034173231391,19.087569969841077,0.2747539029666354,2.247040436384756,1.4270511635078784,26.733213296356478,3,0.2786359395355465,40.488514147929806
Well_1,333.9275766016713,91.25655702525145,38.621844980627486,0.2777783794679824,2.243620262834284,1.4383724738357355,27.439264990189844,3,0.26997916154005297,34.48860384051313
Well_1,334.59610027855155,93.29072919867484,20.30141524226849,0.28752012177910785,2.2314587650585285,1.3733397425091318,23.623255248040113,3,0.2793847988095796,44.315323182254765
Well_1,335.2646239554317,94.03133912420468,21.714922041932105,0.2986972694745576,2.226238478839828,1.364366451143523,23.140164989221702,3,0.29167149139117216,91.0546502106651
Well_1,335.93314763231194,94.87332808859333,31.793824377703224,0.27750224488522546,2.243205530691093,1.299608994067422,19.93466739980514,3,0.28118675451346214,31.512419643876335
Well_1,336.60167130919217,93.99185876987163,17.57524556788086,0.30207391612359114,2.2235612021827573,1.5599966252548,36.307523343293745,3,0.2983545448751716,54.86344918378817
Well_1,337.2701949860724,94.69087571082646,26.94283565397781,0.3039429328917667,2.2045489288129114,1.0742720349790433,11.865117270388108,3,0.29861820894079816,52.48280235371508
Well_1,337.9387186629526,94.66814930741909,27.832445378038248,0.2740346952953182,2.222427678518521,1.507501694103171,32.17375083061598,3,0.283736608485545,30.29273188581091
Well_1,338.60724233983285,96.5013184237741,21.10451738446652,0.3029163418960979,2.213776011262813,1.3301140634634063,21.385236793859736,3,0.29905152728095397,58.59698943975684
Well_1,339.2757660167131,96.42749883535804,26.669744838281364,0.3143473340169758,2.2092719959534413,1.3522547860377705,22.503744380155595,3,0.3009352230963376,48.928726726257786
Well_1,339.9442896935933,92.52428170014855,22.831543466127503,0.31167271505007926,2.229444972252908,1.5786684271483815,37.90254980992983,3,0.2955003426449336,42.54223234127939
Well_1,340.61281337047353,91.13464878629938,25.57228467032774,0.2990514761263765,2.2357171326059047,1.300307299529389,19.966746288988688,3,0.2883798539005217,43.240885316833634
Well_1,341.28133704735376,91.69440871845018,27.41435812197691,0.27886209734269907,2.211656835893997,1.3275507919132419,21.259389649852743,3,0.2947951833869477,32.37133948274867
Well_1,341.949860724234,92.04053776660723,28.666631720690827,0.2968452482433089,2.207044790736932,1.3606881136559985,22.94500272751116,3,0.28548168836162136,61.96762716217545
Well_1,342.6183844011142,96.01121071760154,28.750489106624446,0.3059546994363199,2.2056466201671037,1.425300864286801,26.62568957269951,3,0.29721381064996816,52.055599246382656
Well_1,343.28690807799444,94.27669208777762,23.605668852699225,0.2907698820879812,2.2254547453592295,1.3553655444340282,22.665512547090426,3,0.2840957791021968,75.31687271429975
Well_1,343.95543175487467,92.82410260296825,21.73007560379593,0.2982972638397245,2.236714691452423,1.2591185499056696,18.160113139911434,3,0.29014405644129465,47.126162346119294
Well_1,344.6239554317549,94.94646461827719,34.92287140097113,0.2847987493523934,2.249501726779216,1.2568292430813233,18.06463716736801,3,0.2810571068154142,28.018794514673132
Well_1,345.2924791086351,79.78222277974585,48.99828832287099,0.18326913096673705,2.4226977728987196,1.7275280997425215,53.39838223035116,1,0.16634766566104212,0.5323511601582893
Well_1,345.96100278551535,78.7517392903292,54.99104219691747,0.18682151942559702,2.4017208192999226,1.4818606620279366,30.329179541508257,1,0.16862123120878994,0.941470186702016
Well_1,346.6295264623956,79.1893363486903,65.75539381837021,0.19312315475613281,2.3696300555543366,1.443123786611149,27.741106945432406,1,0.18170044297330332,1.5994778496904982
Well_1,347.2980501392758,77.39691511318726,51.513309559680046,0.16841281269163172,2.455344242301514,1.6359348178989965,43.244892105835156,1,0.14563423808943,0.5421964447065314
Well_1,347.96657381615603,78.91288788047572,58.54345308616233,0.1990084184534629,2.3950172507300658,1.3563992857057663,22.71952700998754,1,0.1703074666289285,0.4929835542220392
Well_1,348.63509749303626,76.31672472450256,64.78456386134442,0.1833578256190492,2.420427217505139,1.7126027807459379,51.59442547213617,1,0.157589064891579,0.3862695213195661
Well_1,349.3036211699164,75.18391472056845,69.78769728399712,0.1656123605235886,2.4399144285301193,1.5299752678001275,33.88248601934178,1,0.15486754522782678,0.3277459592595551
Well_1,349.97214484679665,72.64536304407957,58.74577218530585,0.17520161222806013,2.435179652695115,1.571979531114506,37.32325664262245,1,0.153344651532432,0.6729720776607736
Well_1,350.6406685236769,71.34369803620403,59.6023659870506,0.18778733318439653,2.429713144894262,1.7337249457945438,54.165773056028186,1,0.14860082848882766,0.5369615540919295
Well_1,351.3091922005571,74.85339280064322,52.93475374778288,0.16281520856807535,2.4347144373317953,1.5870792911727907,38.643752431823536,1,0.14044012107689288,0.35750746856206345
Well_1,351.97771587743733,74.09631024091368,47.305058756960854,0.17657135148924893,2.4302543044312084,1.5093862770697537,32.31366937440697,1,0.16571210841281886,0.29089618566067327
Well_1,352.64623955431756,94.23345256895774,21.722124237162696,0.2568711662075567,2.3059614811338283,1.450379962051189,28.20849799240014,3,0.24845335883419675,12.738714638235072
Well_1,353.3147632311978,72.69607896239009,55.80529881647155,0.19074947085699437,2.4280535353727486,1.597090946816504,39.54494235624648,1,0.14800937166442368,0.591212910214916
Well_1,353.98328690807796,69.29062638556618,45.91497273131453,0.14407126716420132,2.4767468596555005,1.7511023392288545,56.377048974912896,1,0.13237808938339055,0.43020212462675267
Well_1,354.6518105849582,66.85470439392509,93.53511617590542,0.11113360510439732,2.5140749390244537,2.0738365506047196,118.53225607848914,0,0.05743707779921413,0.03564374866477505
Well_1,355.3203342618384,76.14149500724658,58.04480921244958,0.1501213786986283,2.453662254492769,1.68557637797444,48.48153680476285,1,0.13716294807159066,0.18928233569686737
Well_1,355.98885793871864,75.18440235236858,60.057377018723635,0.16709906381237138,2.42925931648092,1.3471703225279628,22.241820040266028,1,0.14750241961379282,0.4914427186844278
Well_1,356.65738161559887,78.07898124099424,50.18575662715595,0.18301477334628555,2.401407138906971,1.5617796157125814,36.45688981870598,1,0.16062221446429525,0.6880929569770983
Well_1,357.3259052924791,70.49884094335751,49.94514634473133,0.18131084977131126,2.464805685496209,1.6300379411447743,42.6616787574176,1,0.14878432950903325,0.25202941745038937
Well_1,357.9944289693593,72.99910168068419,56.333421995400734,0.18519409134558631,2.4328068706128243,1.6512576996801833,44.79790450904131,1,0.15383746144761273,0.524748301107834
Well_1,358.66295264623955,71.37577600493586,43.722244615027,0.1681472123279253,2.436497458134572,1.6932239992729807,49.34282374606652,1,0.1424617659612673,0.41513890403910986
Well_1,359.3314763231198,70.91100187775744,49.47687114475527,0.16964121504601748,2.42677451262815,1.646662118266942,44.32636499871828,1,0.15287998764129904,0.5185087707181019
Well_1,360.0,74.98139206924446,52.39414277670522,0.192542865694872,2.4066165185510733,1.601394514335429,39.938754239846276,1,0.14925901699748195,0.25621834167030016
Well_2,120.0,76.2559552490572,95.39795274257962,0.15380908600523846,2.4624670955140155,1.5242845537070997,33.44140794160436,0,0.11694092634856697,0.08719367371243125
Well_2,120.66852367688023,70.40397360850518,96.99613797972424,0.13144891006139955,2.4872416097822647,1.3534978977613352,22.56825071120784,0,0.09468180567563735,0.06087160566372097
Well_2,121.33704735376044,73.76749830887216,80.2099119656882,0.15410383059765667,2.4696750845475033,1.7237424509117432,52.93494313910929,0,0.10955123971123981,0.05980812084405462
Well_2,122.00557103064067,72.14912757742773,95.73091505149992,0.18087652828720202,2.4326298514534437,1.5001630635010055,31.634652158600694,0,0.11794066266814346,0.15695414289215165
Well_2,122.6740947075209,71.76610669327,92.93929255711626,0.1589195469982525,2.457223038536603,1.4183809038906579,26.204803285880793,0,0.12936278567351456,0.13064458184267363
Well_2,123.34261838440112,69.82809119141042,90.16918545175066,0.18352621371152927,2.455802582355581,1.34343142025254,22.0511589749397,0,0.11952175742894447,0.23591294945783148
Well_2,124.01114206128133,75.6871524242734,91.43181104330927,0.19179162119318172,2.4328230718451733,1.1888199482719282,15.44613933896085,0,0.1352930899144394,0.13357792669761293
Well_2,124.67966573816156,76.17447274490986,81.04517583972763,0.1711518644521768,2.4517623333414837,1.2087572690163273,16.171759312405666,0,0.12927282967438578,0.23530383111948686
Well_2,125.34818941504179,76.03636505592226,89.86389582534966,0.17661439618277264,2.4598630167846403,1.4509119322172193,28.243071937643396,0,0.1200882528072422,0.12758723467459895
Well_2,126.016713091922,77.00350262403302,81.97158695436573,0.17690775891002383,2.433771977259472,1.327142298330389,21.239402655567485,0,0.13129354303405444,0.1004561728358258
Well_2,126.68523676880223,72.43622332086245,83.1254460481511,0.16648603270430104,2.439882983657714,1.5049779612814218,31.987327825993773,0,0.12501840244178,0.07469096684855402
Well_2,127.35376044568245,75.35302116949006,98.83738062288265,0.16821713662800641,2.3978795214277926,1.212168739545484,16.299291976924625,0,0.12494781342575043,0.0908050846878838
Well_2,128.02228412256267,72.00989192923264,91.36079786712504,0.1636099102315392,2.449745126097858,1.5976122718566448,39.59244042036859,0,0.11720343393908915,0.07606465242572695
Well_2,128.6908077994429,76.28022382438311,91.6751686235707,0.16926536516391566,2.4226167858028327,1.3522021279831682,22.50101597440332,0,0.1376844485308154,0.1552435722386097
Well_2,129.35933147632312,68.54080863012435,75.00945974879671,0.14787002803487703,2.4955356179278945,1.563997893384966,36.64357971879214,0,0.09940472013971391,0.08205032802021293
Well_2,130.02785515320335,74.42896093059575,98.52780444016985,0.16693685389814175,2.450474443339469,1.3146589101043202,20.63758666801869,0,0.120095089654226,0.12693197948759444
Well_2,130.69637883008357,73.38419176499887,88.61581790645614,0.13433804827979293,2.457707337494361,1.5327688772478663,34.10113839521568,0,0.1045466039320973,0.0743875217851748
Well_2,131.3649025069638,74.33225992470668,101.11902966750223,0.15925134763909596,2.475229621618315,1.5429652895652761,34.911241199752105,0,0.11327254506017,0.09941227043898022
Well_2,132.033426183844,75.4054299655269,104.61787707000187,0.17832272797476356,2.450956744240345,1.2718065849624973,18.698492089915778,0,0.1093098334119317,0.0770154327894763
Well_2,132.70194986072423,71.1825822193505,81.23725093866685,0.14097422240779084,2.4992406516044023,1.7425487612601616,55.27754684044395,0,0.08240183726603809,0.042183347109254365
Well_2,133.37047353760445,67.29580199724067,98.90736062201353,0.15024933873842378,2.4735240704492587,1.4751779585935627,29.866061743116266,0,0.09490461633224544,0.04315115200327377
Well_2,134.03899721448468,72.10174217657486,84.98832949195089,0.15326186312250842,2.509743323827166,1.6532629064373672,45.00522180560277,0,0.10136051248370957,0.060876527877424834
Well_2,134.7075208913649,68.24228611660087,86.10597886572796,0.1429477323650606,2.4699959588005824,1.4555105953402108,28.543721501194543,0,0.09738061340344689,0.12142376937326689
Well_2,135.37604456824513,72.35062547698224,90.59887685441386,0.1387429913921647,2.504332001643631,1.7822009578048275,60.56210443793601,0,0.08735083681286554,0.057891862298675406
Well_2,136.04456824512533,72.73510186320837,90.2620981364874,0.13497777398947444,2.4816310783277404,1.6104073685401845,40.77625800731319,0,0.09484353653128408,0.05658635118442012
Well_2,136.71309192200556,68.6635942958937,81.46891987273798,0.12633230483697816,2.5052410163486045,1.8222010163886715,66.40503598640257,0,0.06965294273816461,0.041310224946141144
Well_2,137.3816155988858,69.32238317984255,108.53664966738933,0.13935865381005855,2.473918307663354,1.4799425610152912,30.195523335862088,0,0.08439501820989805,0.047911321875447874
Well_2,138.050139275766,70.35964075353465,88.290078344023,0.13394778208695468,2.501832136487155,1.5937796138601623,39.24457351958074,0,0.0873192415256461,0.05410839435755093
Well_2,138.71866295264624,68.96794358066117,87.35858537073098,0.13972069370750215,2.5023917382044774,1.6720951056830857,46.999702148037336,0,0.08402554422792015,0.039719714752567005
Well_2,139.38718662952647,66.64291961469534,90.9081641947935,0.11697230827142514,2.5201552549848447,1.7436748527855588,55.421063166295156,0,0.08423270232582632,0.040349515222536776
Well_2,140.0557103064067,67.54543673689811,92.44893915529676,0.1228968762543853,2.523385488653845,1.8180281154411306,65.7700414315316,0,0.07781408796029134,0.048540088424989046
Well_2,140.72423398328692,67.86784328176999,84.67758631439003,0.1283023999939089,2.4869035995419604,1.7811465530521637,60.41524667593752,0,0.07666930184950335,0.047079965844038084
Well_2,141.39275766016712,70.03864559577646,78.45949739857554,0.12994516721410668,2.5359824871380847,1.7158270934326094,51.97890106500509,0,0.0871521039099795,0.0428510434566182
Well_2,142.06128133704735,68.58622274155694,92.93578949706331,0.1283397733617622,2.5027869942209007,1.597303334296915,39.56428615415992,0,0.08422935316437619,0.03707893459350282
Well_2,142.72980501392757,68.7481179052467,87.05312925284296,0.13734657854845023,2.4984460523460665,1.6480124827206926,44.46440474787992,0,0.0926803623686746,0.08456958891394332
Well_2,143.3983286908078,75.07218533358382,85.3202939627226,0.15593555984485755,2.4755161103576278,1.5690721082673658,37.07422730221674,0,0.10129207372396469,0.055913032020789656
Well_2,144.06685236768803,68.02273202492425,76.17727139897626,0.16066632696273067,2.5026950555158054,1.6898539057174,48.96140881678174,0,0.09680627551654937,0.08344542666354314
Well_2,144.73537604456826,70.62983151571946,103.61176466472904,0.1595930376235122,2.4777633695058925,1.620993447049558,41.78240621662671,0,0.09635296417015972,0.05793390918947697
Well_2,145.40389972144845,75.32339001078932,76.46561044708436,0.1535200644469275,2.4703684295586354,1.4214016064629225,26.387704161533694,0,0.12596482879848406,0.10914802610727753
Well_2,146.07242339832868,68.74454898717045,78.97173192704827,0.13065318299328438,2.48937746828226,1.6706073222421012,46.838968487381024,0,0.10355379258191254,0.054579912360707174
Well_2,146.7409470752089,73.07197855245369,93.22976629511159,0.16056863556374912,2.443443132968362,1.5440022978519345,34.9947018592998,0,0.11291497893172951,0.055353055699797586
Well_2,147.40947075208913,72.6363444907316,83.91473110476403,0.1471467970655847,2.4564039318622077,1.393805315788468,24.76311735281,0,0.1170191142979711,0.08481756600723596
Well_2,148.07799442896936,73.92535553189494,94.2272181991673,0.1940987855352326,2.4166484254811413,1.4130530360623057,25.885290071347196,0,0.1151100398617748,0.0738297549471414
Well_2,148.7465181058496,75.42431951338195,90.22500453561044,0.17345093629281522,2.4404385930487056,1.4277930504750957,26.77891954631367,0,0.11882898311965977,0.10318829854086485
Well_2,149.41504178272982,73.81248063903449,92.59124365557162,0.17400751097946496,2.431216383042458,1.4563892825983515,28.60153110999223,0,0.13166145621784794,0.145030353741187
Well_2,150.08356545961004,65.45343203790979,78.08391653131453,0.1517914542683086,2.5057783847428485,1.6863133195102762,48.56387353659183,0,0.09922073963008252,0.05611786374362007
Well_2,150.75208913649024,84.80488973759336,52.380803841999594,0.2421200041394149,2.3130563720590485,1.4011879322949725,25.18766638108058,1,0.2057360917595974,2.549657119473439
Well_2,151.42061281337047,85.60044668227624,61.8564478873158,0.2249529872857418,2.3490635947627156,1.2838712076902277,19.22521510511578,1,0.193017336560179,1.0835621897567407
Well_2,152.0891364902507,85.31320487055447,56.19306943555993,0.23246849101996342,2.365982525202954,1.3488877265115078,22.329948760210787,1,0.21906454827753624,3.354939159257579
Well_2,152.75766016713092,84.64324778471533,57.990286894150856,0.24636353774271702,2.301549644965591,1.3320519066624357,21.480871971116432,1,0.2171979089041676,3.3531070680819557
Well_2,153.42618384401115,83.20851969393752,38.02247585898685,0.235251865015369,2.3257116264175988,1.551999306291474,35.6450564059137,1,0.21653631808440718,2.3386170329913605
Well_2,154.09470752089138,85.67850398284618,49.67606209104715,0.2520447295466925,2.2863804337573197,1.3062257397100119,20.240709868152038,1,0.22543610689895022,2.5404588879711234
Well_2,154.76323119777157,71.59050104553194,92.48871020028095,0.16718102449914132,2.4677558194476688,1.4340959365705948,27.17039402308089,0,0.10721004808346227,0.055951279575209935
Well_2,155.4317548746518,82.61758692872606,45.433845244294496,0.20767281623001269,2.389558382398479,1.575899494329119,37.661663120024926,1,0.1824706102956571,1.354001060134765
Well_2,156.10027855153203,81.64257940291482,47.65031922444294,0.21213943007135816,2.321659698186943,1.2403322446237453,17.391307924376846,1,0.2057403288783353,2.298950291794523
Well_2,156.76880222841226,82.79905283442602,39.770834617989856,0.22965593959515748,2.336978304042709,1.575928671458999,37.664193421917325,1,0.209105156478222,1.7659476558561458
Well_2,157.43732590529248,83.43754337540402,49.25236497984475,0.20401493974324447,2.364458835766345,1.519273998305495,33.057803840245796,1,0.1855141929585942,0.8592875265099758
Well_2,158.1058495821727,76.9017164343836,54.837981659706,0.18313168648909522,2.419475260011885,1.6602729617875707,45.737556795390375,1,0.15470515429287418,0.36270683321764624
Well_2,158.77437325905294,82.6907859451531,55.349371457481155,0.21351201021515567,2.390493049552157,1.4169292533496702,26.117358674949298,1,0.19318431456427637,1.6964364923197137
Well_2,159.44289693593316,82.0796512516736,68.83040481090623,0.20271489046812674,2.3797257070841575,1.471757350817624,29.631753404508835,1,0.17112132614715675,0.4966728973192428
Well_2,160.11142061281336,84.65467104776496,47.17528345455734,0.23294148676541868,2.3581361977499804,1.2943479520937209,19.69463570919846,1,0.19656794955860366,0.9000488627037604
Well_2,160.7799442896936,72.51561508521434,92.29180966635627,0.144753126332182,2.4980014548834433,1.5729544614370998,37.40713624331221,0,0.09056414180298789,0.06405761232344143
Well_2,161.44846796657382,80.4770838384339,60.83989522018757,0.22296722624762358,2.3521810208201073,1.3645531385665626,23.15011424389663,1,0.18427340290653532,0.6539622202490656
Well_2,162.11699164345404,81.74247606514542,60.87971450790016,0.202380918756682,2.383749550605158,1.3953609804447293,24.851979142126325,1,0.1767152126290174,0.857921989821631
Well_2,162.78551532033427,80.30939454822415,12.091051910836736,0.2265074251549828,2.3566281909185016,1.478556561673829,30.099311509620374,2,0.21493976750664934,4.371638390911382
Well_2,163.45403899721447,77.2454814692987,43.95521197969706,0.1895840571192429,2.371939067299573,1.398926521792188,25.056852807106498,1,0.16844682275743814,0.7937011128206481
Well_2,164.1225626740947,76.95151353167651,53.9952618101734,0.14401413607224997,2.4246667383741993,1.5135280911486857,32.62331512094104,1,0.13381577653917143,0.36753266617916625
Well_2,164.79108635097492,77.61402558796125,61.40437784654305,0.18418940143195442,2.4055862825957446,1.6527022986040598,44.94716441892027,1,0.15358250814360191,0.7105808908699404
Well_2,165.45961002785515,81.63372008701693,55.68498345003724,0.19504594900348918,2.378411722696722,1.5371444729625667,34.446450171110236,1,0.16445342956931253,0.588107744707688
Well_2,166.12813370473538,72.23703126925881,48.681106488881646,0.18626398255789134,2.4606782705235593,1.7597217943622891,57.507143307116934,1,0.13643703887532063,0.34256282292598367
Well_2,166.7966573816156,78.25397566422959,43.018906539358234,0.17148483864520933,2.410888976335832,1.5082472546037908,32.22903147638342,1,0.14975665316617243,0.7823252895205275
Well_2,167.46518105849583,74.66416261878305,60.46529299151026,0.1838225288484829,2.4050756203955688,1.3857481051571523,24.307937171351487,1,0.1687824135089627,0.9636756350004526
Well_2,168.13370473537606,91.98224827412788,17.117467619438667,0.2806828170883484,2.2441229702175205,1.5067308268432955,32.1166934793316,3,0.28344383697690295,28.594616251944682
Well_2,168.80222841225628,74.10247450333642,49.22432475377183,0.17755501815260172,2.4160522662268615,1.4076237588201788,25.56370273882113,1,0.16825923766420076,0.7586174421016897
Well_2,169.47075208913648,75.66832317856885,61.97541251118988,0.189026254697491,2.387421401927061,1.4030057763364372,25.2933163761348,1,0.17541702973510975,0.4702589940668409
Well_2,170.1392757660167,79.64890196555417,49.35157326952821,0.185305320370933,2.3891172859161767,1.456082206724852,28.58131502111127,1,0.16392453515256897,0.7096415790092195
Well_2,170.80779944289694,78.99894444358014,44.373959834180106,0.20125234331407185,2.373003764180208,1.6301231862208068,42.67005338600983,1,0.1829637726985847,1.1527566969397731
Well_2,171.47632311977716,82.51588316767311,54.86777568802981,0.21103327240008932,2.381478721638315,1.5069630868505746,32.133874030252244,1,0.1947605571118294,1.0491434937967576
Well_2,172.1448467966574,84.09128901935749,53.03177746455287,0.2343267433457997,2.342270497057217,1.2681178165487987,18.540345225573105,1,0.2062578201791797,2.2482745054276982
Well_2,172.8133704735376,84.45656310225753,61.561745377248464,0.23061659476086224,2.3424206658875395,1.2853950208265736,19.292789278050407,1,0.1933473090751167,1.3679853488569302
Well_2,173.48189415041782,85.59972194489382,55.58935902625092,0.229414268510295,2.357801947702148,1.2850299173161666,19.27657699493622,1,0.19300901081046776,1.9812588037725212
Well_2,174.15041782729804,77.80716332549386,48.10847635714299,0.1931185624557684,2.3974382804351833,1.6163480587561259,41.33786653602105,1,0.17687775477037057,0.9350857013728766
Well_2,174.81894150417827,87.40289754637939,52.11306203452665,0.23405736929583848,2.3286145394885227,1.3641754805269737,23.129991891688576,1,0.20729613820171414,1.9369806023158456
Well_2,175.4874651810585,77.69630177075449,39.08593137963553,0.2149347690919797,2.3684853424793157,1.3306121083340643,21.409775251969883,1,0.2032437492974619,1.1456466159554337
Well_2,176.15598885793872,86.55253601594735,44.05988605936443,0.227301965413715,2.3248552988103603,1.3318874697727296,21.472740209606016,1,0.21588752241783002,3.083636693948946
Well_2,176.82451253481895,84.47763850659958,55.02230611018142,0.24358314381387108,2.31684458729775,1.3640019679535766,23.12075267044797,1,0.21975116997205008,2.4109899331259537
Well_2,177.49303621169918,78.97973955382678,44.049740716506435,0.20061293788200935,2.347068757945017,1.6085609372971525,40.6032631038059,1,0.18766241909351045,1.5984748487830733
Well_2,178.1615598885794,79.37275564076866,56.29735362431758,0.21226609832198137,2.3635941543800856,1.534896896650125,34.26864216803664,1,0.18086676258849568,1.2712535087815167
Well_2,178.8300835654596,84.44390712245482,44.601167865567014,0.2583846005907128,2.324909361892334,1.344822692980422,22.12191366014313,1,0.22197204670764728,2.9768888900696204
Well_2,179.49860724233983,86.82737332872772,50.60798072773223,0.23430953959937004,2.331806920917397,1.3715590830439797,23.526595362121288,1,0.21058143496478204,2.28632396675066
Well_2,180.16713091922006,76.91918559057979,38.641139028944785,0.21113022360812964,2.3431776086660023,1.3657053956094074,23.211616982491144,1,0.19556245072378728,2.081828300061267
Well_2,180.83565459610028,83.51028143724325,52.836450592740285,0.22611175944444328,2.3270865149178426,1.291206715599369,19.55269904192957,1,0.19487097935701578,1.0880298439637146
Well_2,181.5041782729805,80.22536450871279,55.27969048712314,0.20806617425670088,2.3646260309128375,1.502991699762213,31.841366659125406,1,0.20283455114481205,1.374928048755998
Well_2,182.1727019498607,83.74863035667029,57.746775272136624,0.20655337710660673,2.339297254782535,1.3093363603948558,20.386203747143057,1,0.1934040146613925,1.892042207481925
Well_2,182.84122562674094,87.64338349214364,61.567523214778504,0.23025134219817237,2.3417517913755557,1.3184575677159165,20.818889865162706,1,0.20189571091983252,1.018999735973912
Well_2,183.50974930362116,84.5673082301071,51.58621867153208,0.22298125506033442,2.3487361819453567,1.2052760552267947,16.042648025878837,1,0.19098880543172783,1.8410756155768453
Well_2,184.1782729805014,82.7302800832224,41.39370946625839,0.21757039490806612,2.348137169932053,1.4431854492434057,27.745046003354442,1,0.19662448209302888,1.2200962291344772
Well_2,184.84679665738162,82.22111449637686,47.85178919705994,0.20392881641818136,2.37012120763617,1.5430830708271541,34.920710460447616,1,0.19122822316904872,1.697150463516534
Well_2,185.51532033426184,81.85023378046891,46.199572981260836,0.21559858294354403,2.384593026699292,1.4140957971538661,25.94751652167933,1,0.17250412725336933,1.7721377902048914
Well_2,186.18384401114207,75.54605684036011,51.56729714309656,0.1834103843299814,2.4060250013191133,1.3338914297582667,21.572050572569868,1,0.16375938659958225,0.8029248821297231
Well_2,186.8523676880223,79.87177736906698,60.731745381250825,0.20105113111869727,2.386376780373624,1.5786055141531354,37.89705954853624,1,0.182424566686869,0.7988817949706996
Well_2,187.52089136490252,79.7187928124009,40.89924218260274,0.1848040403260661,2.3944817451485405,1.385755213642707,24.308335044319204,1,0.1654239823592719,1.1178703895175952
Well_2,188.18941504178275,77.43566237296963,42.15909914112128,0.2105877534126762,2.3929686563480073,1.3404122835348187,21.89839491389183,1,0.1903205670369678,1.0060941372102095
Well_2,188.85793871866295,78.96617319941707,51.48008098623092,0.18878398230682675,2.389123546049615,1.4109608656378678,25.760890146501204,1,0.1678226414873916,0.5679261567335407
Well_2,189.52646239554318,76.73828021692135,50.98707864097178,0.19012199429831264,2.3830215008879714,1.2266150162839355,16.85058629819333,1,0.1835582078152017,0.5864558122017846
Well_2,190.1949860724234,81.7829811570305,50.231530161108196,0.1838974371863157,2.392679086306818,1.3955219851014182,24.86119414788892,1,0.18226520165404622,1.1323413164544647
Well_2,190.8635097493036,72.62011863210617,46.04553593865778,0.1683340057675729,2.419083113149656,1.5498763508218465,35.471238371569875,1,0.14812953261898554,0.7980576830407411
Well_2,191.53203342618383,70.92536586058102,88.7098611447149,0.15227078238515154,2.483787505769559,1.7800591098757967,60.26416033408381,0,0.0908379855957388,0.0526007693740415
Well_2,192.20055710306406,76.79153794977441,42.09273095261022,0.20724208321481724,2.4272507124550113,1.5828943977043843,38.273166763040514,1,0.15119761721881567,0.4414369981825865
Well_2,192.86908077994428,77.83407709093673,55.50094365929453,0.20365056713423027,2.3876420879097795,1.4169364032281555,26.117788653882506,1,0.1734731513366622,0.6258559722195798
Well_2,193.5376044568245,81.36193445918701,66.41846259113366,0.19399355785199127,2.3924647713868885,1.4644319243647583,29.136133902418376,1,0.16045241713859987,0.7242022541365635
Well_2,194.20612813370474,78.59704150912617,48.25265284855594,0.18474474748487665,2.412737866286248,1.5441936431471721,35.01012353091183,1,0.15912148405128315,1.2026154981449229
Well_2,194.87465181058496,73.9076869501915,55.93270713982667,0.1763101036759269,2.433273886069304,1.4764186494678535,29.951504987024112,1,0.16172391642759107,0.6403639166958275
Well_2,195.5431754874652,78.07031276664539,46.81234147554237,0.1957945632530111,2.384041903533427,1.2745560365957243,18.817244876404203,1,0.17327994348707845,0.6885064054082285
Well_2,196.21169916434542,79.39039494022357,41.40191504909985,0.18667622494994102,2.3854899432028556,1.6057669291029897,40.34288284980176,1,0.17553359271153557,0.6014296063596942
Well_2,196.88022284122565,86.17313032086116,46.85332849204611,0.21913665218160547,2.377012566175221,1.3950691276225997,24.835283825953024,1,0.19559074786612587,1.824659326202116
Well_2,197.54874651810584,90.1463304305442,37.389688105614944,0.27274924545751056,2.2704549415514848,1.3507580067358171,22.426319584294085,2,0.246899702068142,20.462160009236023
Well_2,198.21727019498607,86.24457451727656,42.74736781787818,0.2758535566920698,2.294869338682879,1.3209147090889102,20.93701234365416,2,0.24944017900366933,7.413375812543595
Well_2,198.8857938718663,91.90102639085487,39.26058714931391,0.26114887868810716,2.2846030687893175,1.3107465926029245,20.452509007579895,2,0.25087805600126745,11.409266957928248
Well_2,199.55431754874652,84.25711117469444,35.02362622501157,0.2622197115177924,2.2814847481235074,1.5096620566671666,32.33419526435895,2,0.2506476408035839,6.186496348435603
Well_2,200.22284122562672,88.87238267210405,28.217161856850286,0.2528886996145059,2.292293502159739,1.2986593696180695,19.89112605437437,2,0.2501972281769198,8.075808382225999
Well_2,200.89136490250695,84.12741328340755,26.499091572512675,0.24333368728744462,2.297427370785695,1.6214335905876132,41.82477281114695,2,0.24116254429130748,9.060028188127964
Well_2,201.55988857938718,88.48492790454235,23.10402015619532,0.2701678751044805,2.265718444230409,1.3982960192543565,25.020502018556925,2,0.2668990950767397,11.898305557419178
Well_2,202.2284122562674,90.15715530149514,30.13506257378236,0.28061313435350754,2.2941415268622234,1.3595084491229852,22.88276229154722,2,0.2670058937855411,14.72531596075372
Well_2,202.89693593314763,91.92634307442326,25.778720960344504,0.27864416936180453,2.226539512297929,1.429220810547918,26.867101161138155,2,0.26060411874547573,13.678521957750629
Well_2,203.56545961002786,93.86997053377199,29.495316862460058,0.3013942466258992,2.2215137191617793,1.18725532549889,15.390592006523393,2,0.27579667838263705,22.334259272974762
Well_2,204.23398328690809,94.70439245167772,19.608653821697583,0.28991772650440756,2.2464108863875314,1.3564776224396529,22.723625459634803,2,0.28227751590892525,25.13379067567521
Well_2,204.9025069637883,95.16023124098817,29.66332401847718,0.250029161551396,2.2621661019236554,1.2438635508159042,17.533295439488967,2,0.26130759592299774,5.667220468446712
Well_2,205.57103064066854,91.7540621935279,30.97054208653545,0.2520945833202107,2.2700574413387575,1.5765483418121935,37.71797269787574,2,0.24862004020253992,23.012215400991813
Well_2,206.23955431754877,87.77954135864152,36.43850002709555,0.24176532269783166,2.2890237349990916,1.2397753655001642,17.36902200983787,2,0.2577099661459148,11.920263828343343
Well_2,206.90807799442896,95.23896978301258,22.46888152980698,0.26136446652596523,2.249794173429406,1.6347778023765926,43.129835565038704,2,0.2754078033467053,21.853544644208394
Well_2,207.5766016713092,96.01795467161949,18.749987949678662,0.31247293675391746,2.1780288691264054,1.14246879602423,13.882535605918056,3,0.3173177717659131,154.4419624479624
Well_2,208.24512534818942,98.9102099290625,19.77248569368511,0.3257931660251612,2.190206455826025,1.320433878598617,20.913844692566162,3,0.3184717743629969,153.3014829920856
Well_2,208.91364902506965,96.42967455704984,22.20143615517902,0.30054842493692024,2.1893870213483924,1.4520216628394127,28.315332306582977,3,0.3084376764331486,110.75386624018768
Well_2,209.58217270194984,95.86332739990209,24.137398143271422,0.31462521346777006,2.181888627218149,1.2480919401403128,17.704837300459452,3,0.3144169594727952,101.1801353030908
Well_2,210.25069637883007,99.61517318213602,12.890171895123839,0.3168218661739556,2.1466553620564546,1.18539174758291,15.324691748698678,3,0.31107934328581116,72.56686227441095
Well_2,210.9192200557103,89.71020953353458,16.696741143757556,0.2982194984479384,2.2359409896129647,1.329418847223572,21.3510308090259,3,0.2994561460034488,46.103090952399064
Well_2,211.58774373259052,96.44446194213585,18.59060341971975,0.2944670988731375,2.215755156303203,1.7272357072176434,53.36244340601939,3,0.2951970498568254,47.27456466860309
Well_2,212.25626740947075,92.35406508297234,24.74669891905587,0.3018934539815105,2.2135222414377154,1.367359104173813,23.300170777245608,3,0.29403061231914673,92.39122574795924
Well_2,212.92479108635098,93.06891751458663,24.118361173909555,0.30870634948505477,2.2331089236814563,1.3454402876497853,22.153394822159225,3,0.29898744605528493,68.94434005721236
Well_2,213.5933147632312,94.62303596666493,16.562885760819658,0.2932013789064558,2.243629606957789,1.4545343195038976,28.479628474960364,3,0.28038137546729697,71.77741845774
Well_2,214.26183844011143,93.28238132231826,21.446801782704835,0.28740088027294675,2.219467081247841,1.3022634806513576,20.05688482690818,3,0.29430733001459347,45.983259654415036
Well_2,214.93036211699166,68.32040792893132,88.4882436215197,0.13960571531181168,2.496955338216881,1.6521166258728233,44.88659126491149,0,0.07936459516280216,0.03657273770231135
Well_2,215.5988857938719,85.54320327529041,16.235782759408718,0.25154404435872185,2.275663540600142,1.5351205771777716,34.28629655367362,3,0.2630132294965246,26.214650449822873
Well_2,216.26740947075209,91.4173292053552,20.4108793804161,0.2851665625542184,2.256516927864024,1.5401912323980924,34.68895623170362,3,0.26919062471345445,23.1363417272144
Well_2,216.9359331476323,87.20808311198371,19.26195125079494,0.23739627379483014,2.25860942818912,1.5645657836973474,36.69152678275559,3,0.261006874888625,19.745160662207454
Well_2,217.60445682451254,91.97059343471072,16.853850438126234,0.298320769786785,2.2474839013554804,1.3568790690843793,22.74464009614274,3,0.27557744714128674,53.21446407693889
Well_2,218.27298050139277,91.80383088000528,24.76235032439986,0.2700753611026625,2.2618520306800316,1.3572831916765156,22.765814440160213,3,0.2649289055679503,21.69122402539761
Well_2,218.94150417827296,88.57491854226508,14.532184991091125,0.2699281720545182,2.2690783658262816,1.4226223963852718,26.461983626800645,3,0.26482624925101544,21.329899214063612
Well_2,219.6100278551532,90.23907852760347,13.823977378257212,0.2666908398666147,2.2363650266286212,1.5502754633506248,35.50385108785015,3,0.275232765437817,29.56188103067917
Well_2,220.27855153203342,88.07427110362065,33.605624656545146,0.27042385449185724,2.2710170783922785,1.330340485613594,21.39638902799042,3,0.2660794484129615,21.018742307535582
Well_2,220.94707520891365,88.14535357676824,14.35476509353786,0.2660721250373333,2.2668431048552335,1.5389472899832912,34.589739395426186,3,0.268381686151568,30.33774720042433
Well_2,221.61559888579387,88.97230419749202,17.61130072405752,0.2738775066929613,2.269043874565608,1.5032776772358283,31.86234070483945,3,0.2701775131982006,37.45797048875786
Well_2,222.2841225626741,91.09802536451745,21.323711502524095,0.3109593940644935,2.1908055420951524,1.2707680616379236,18.653832022899344,3,0.2964725155404183,49.90237573797072
Well_2,222.95264623955433,95.55244860393049,24.537595116778206,0.2896608205496924,2.237575045470171,1.378511928762836,23.906275977907224,3,0.2885016024190475,51.49953660124395
Well_2,223.62116991643455,92.12464662194459,21.84644862320006,0.2799605364539331,2.277339296795334,1.4005584959941408,25.151187565679646,3,0.26676290894782834,20.48935759954055
Well_2,224.28969359331478,95.5050044990655,27.57152683804476,0.32278297009999724,2.186305770026566,1.4982228743289703,31.493641125217586,3,0.31008258677644046,79.97736424442157
Well_2,224.958217270195,94.11970685728474,24.930869092849925,0.2938365559449918,2.274111706101211,1.554407046222364,35.84322233896733,3,0.29431387136087683,46.308919883249914
Well_2,225.6267409470752,90.81004378223909,16.530171855841253,0.2765457805593206,2.239156192493001,1.411245167473634,25.777759497591322,3,0.2774273403701836,26.407362520174104
Well_2,226.29526462395543,92.08465491185542,14.28784777563143,0.30294009585103054,2.2361413070568945,1.218657634117141,16.544651903611367,3,0.294489042966917,66.41294859575862
Well_2,226.96378830083566,97.0391443335075,17.49940062867345,0.31958193417437314,2.1594150049267316,1.3443513629535513,22.097918268313588,3,0.3325830475332732,155.74364286410614
Well_2,227.63231197771586,98.415986873658,9.582293724064293,0.3187983762060252,2.166260516843349,1.299467903076224,19.92819219627701,3,0.32073740454877603,99.33660690901108
Well_2,228.30083565459609,96.7599624232036,16.794551194685848,0.3078665168421239,2.2056348175860983,1.3479204077121076,22.280267858036872,3,0.3042397393173504,56.88779856584293
Well_2,228.9693593314763,102.58013175404768,16.22339322596348,0.31727863201420103,2.2028948676133577,1.2457620742134692,17.61011022121451,3,0.3144972000432673,79.41725615556786
Well_2,229.63788300835654,92.05823332517372,17.26361910389439,0.30423653175178206,2.2012999618493425,1.4139196105050875,25.93699214483249,3,0.3032475213544161,60.56457188566964
Well_2,230.30640668523677,93.0731373720937,21.474221086832497,0.28988028954283385,2.2235218707681725,1.4372429266772548,27.367991524210467,3,0.2937301296167636,52.12761181071093
Well_2,230.974930362117,101.12262351740664,28.6472798723595,0.33943373887360273,2.1777904099237273,1.1774907570399211,15.048414913685422,3,0.3266781860857683,97.41799393555425
Well_2,231.64345403899722,102.86488829038953,24.799113831220748,0.34897190657342075,2.144206548070622,1.2971652091050174,19.822809579742273,3,0.33347445144939397,220.27037032722302
Well_2,232.31197771587745,101.5140759203501,22.776700546965298,0.3306808935636036,2.181686785537955,1.3015166282227744,20.022422817694743,3,0.32685368893320926,97.85302574207503
Well_2,232.98050139275767,97.88540381235421,17.56734913140132,0.30585382346179907,2.2194149173451376,1.2259515993145316,16.824865430538114,3,0.3131734251772909,124.95055550207175
Well_2,233.6490250696379,98.65495848499309,22.542581935108274,0.3178402970923808,2.18121455312613,1.2909658007245721,19.541855639702167,3,0.3121250125905682,82.10261136418947
Well_2,234.31754874651813,78.00517777636038,47.86866231056162,0.23430166960600105,2.3472486443397678,1.6105492557848462,40.78958209118876,1,0.19662675655176082,1.5488972686080826
Well_2,234.98607242339833,79.54790252704191,46.070713149311764,0.21336048411290412,2.3481746452650896,1.4148269864629084,25.99123922083343,1,0.20424229229391427,1.423908170759068
Well_2,235.65459610027855,81.41451497760785,52.92788052324425,0.20766448170254664,2.3557728042968327,1.3846184524004923,24.244791431455173,1,0.18765013338651373,1.9417789673236319
Well_2,236.32311977715878,80.96475654150646,41.30491830179372,0.22514011029698902,2.3586931162922604,1.382164855744317,24.108203888879984,1,0.20623151304515117,0.8556513408235213
Well_2,236.99164345403898,84.36947244566977,53.597991248508485,0.2517788565656645,2.320841635053837,1.2298809513061943,16.977781941387768,1,0.21907812798382142,1.9983630270348043
Well_2,237.6601671309192,83.21792364085022,58.53906504999424,0.22651943237351133,2.342565972460717,1.2487531888559844,17.73181488962757,1,0.20353517256217712,1.2761683789346656
Well_2,238.32869080779943,79.26217874377554,40.65308964273893,0.19841540084907694,2.385033562303542,1.2984522355815336,19.881641368236778,1,0.18749933700549792,1.5107476632957222
Well_2,238.99721448467966,79.64379538301066,54.75058423236754,0.20344346834453472,2.3635397250168153,1.7369497118131612,54.56946699029987,1,0.1723196785766215,0.6351411992854202
Well_2,239.6657381615599,79.03410281630231,48.44455714092826,0.18920324647380551,2.3933322535383494,1.4854351850732839,30.57983833184716,1,0.17219729789693064,0.7166984412509634
Well_2,240.3342618384401,75.2280031892803,48.23713435177804,0.18543102982821544,2.437024829542042,1.4620503323818388,28.97679393613311,1,0.15268638348178235,0.23399495786091262
Well_2,241.00278551532034,76.67949615334221,46.07539735179974,0.18656015047656993,2.425732702926988,1.392827564653608,24.7074294901928,1,0.1676176032338478,0.8952564685326991
Well_2,241.67130919220057,76.98997552087896,58.80480634747297,0.19844822223016828,2.38088528215999,1.4980135369331995,31.47846430758396,1,0.17545348589078474,1.3038053390597244
Well_2,242.3398328690808,80.42929719651396,53.44722387188032,0.20114591925370628,2.38929908084813,1.3917024346921492,24.643502611553107,1,0.1932601122040065,1.1655429755339441
Well_2,243.00835654596102,77.02904548820808,54.585588293867126,0.19501250032112774,2.376157278838048,1.2497437151440711,17.772303254755144,1,0.17172784929697502,0.8383361477446589
Well_2,243.67688022284125,78.15279851477953,55.44108106418703,0.171949581135331,2.428188427248595,1.6883357252755575,48.790551289181856,1,0.15163376449241642,0.3596514657482935
Well_2,244.34540389972145,77.76083677193775,47.96062791562148,0.164740837644356,2.4262991722145903,1.4091038790119672,25.650975094979977,1,0.15858080096871668,0.4013472297569053
Well_2,245.01392757660167,87.05818854134058,25.234664086208856,0.2418546365729781,2.309957836981405,1.4100327271920723,25.705894877539837,2,0.23156389074056935,5.649116472451893
Well_2,245.6824512534819,79.51762533751531,48.09664328843339,0.17814905955143995,2.399874679790187,1.4771896373891198,30.004724079369073,1,0.17105003223477383,0.7492432490208953
Well_2,246.3509749303621,81.09095328334844,48.3387043700456,0.19150055509533526,2.3937431044056985,1.6289112664440746,42.55114652114541,1,0.17093826127141384,0.7443877088375949
Well_2,247.01949860724233,74.50430586082535,37.539255636199194,0.17639324137916707,2.4070474618344546,1.8249242566237365,66.82273648313503,1,0.16237661091970718,0.8286546459250862
Well_2,247.68802228412255,75.96228897045367,51.41021933892351,0.1781796984406482,2.4089077325639936,1.5839944747865033,38.3702363894529,1,0.16296358108465758,0.4550501326931942
Well_2,248.35654596100278,78.19040619826617,53.75271299378917,0.1988319302502866,2.3813514610693063,1.5740245335488838,37.4994185287657,1,0.17335558968038148,0.8425416619187592
Well_2,249.025069637883,78.49652434912838,57.148455639952495,0.20545588224910424,2.407540659225316,1.5876075682843558,38.69078740923677,1,0.17505725733292907,0.6351312476677489
Well_2,249.69359331476323,80.65735559517378,55.83429661588846,0.20119155732461183,2.3915310469447135,1.4888190220892437,30.81903400959978,1,0.17589185878098765,1.0416796744918138
Well_2,250.36211699164346,77.8593991970914,35.84371058146551,0.1946933011286586,2.3881682626154754,1.4340158972855857,27.165387055186034,1,0.18576385781183066,1.1219693991645943
Well_2,251.0306406685237,73.96271445214954,45.516171637942065,0.2053381553798083,2.413185660434092,1.4796868780685184,30.177751504748713,1,0.17591698711337206,1.0157744930651715
Well_2,251.69916434540391,79.50517953950936,60.543688710880204,0.20806639710779382,2.363591145253733,1.419466251946498,26.27037377334044,1,0.1887309228538813,0.8934106629978532
Well_2,252.3676880222841,76.21161334880351,55.03047762297748,0.20682233694575006,2.4081808470643367,1.4016165727883356,25.212538406621174,1,0.17632553914422505,1.7056271196438766
Well_2,253.03621169916434,79.5401227401085,49.49184233121221,0.19484986300896634,2.3810359456945482,1.5634099065562979,36.594001922406235,1,0.18273351092416962,1.0634997412616138
Well_2,253.70473537604457,81.93712099361136,51.634646080005645,0.2313289649241357,2.330351824401162,1.6009865901051994,39.90125816913148,1,0.2128260047436312,2.407327268269386
Well_2,254.3732590529248,81.17392460121745,47.462226862525846,0.22084174923037403,2.355580319293965,1.1358244744586143,13.671761525935388,1,0.198288508312667,0.8516350397329594
Well_2,255.04178272980502,81.76916048822206,51.70784187458046,0.20532481522518142,2.355168786194989,1.4589298129683286,28.769334313114296,1,0.19710176017153908,1.846634364850661
Well_2,255.71030640668525,84.77239227566703,48.27739081310094,0.24010124353034323,2.3325072721465485,1.361850411096115,23.006492425783843,1,0.2229558518054435,3.0979767546346864
Well_2,256.3788300835655,85.47667246747014,62.42108406118094,0.2546162164935816,2.3245894678311605,1.3754823103726876,23.74008722945806,1,0.2172320876622437,1.3838746756901736
Well_2,257.0473537604457,84.42616335950686,60.546736576622955,0.24028987743445954,2.3576033702207306,1.1329125189997633,13.580398657406812,1,0.1888349732341433,1.358371351709968
Well_2,257.7158774373259,83.47439122821073,57.302599414714294,0.2198278937541603,2.347705258595959,1.4927010454745127,31.0957506750228,1,0.1907738450192296,0.9571458165152603
Well_2,258.3844011142061,87.34751148164072,41.61890082849003,0.2566573850327956,2.323684993072021,1.1928227486204637,15.589161225812283,1,0.23110717473857192,2.9496664029167983
Well_2,259.05292479108635,84.21283094623237,52.0404099604618,0.22819819850986572,2.312759250321495,1.4103127404047742,25.72247420671911,1,0.21523874151855227,2.220443628291064
Well_2,259.7214484679666,82.67735430911578,53.56025589216552,0.22483444892601273,2.372198179694875,1.4072204744668828,25.539975391176228,1,0.19102468080463406,0.9322084032520613
Well_2,260.3899721448468,84.3376444384378,70.82215897241299,0.2652284602323062,2.3199330462767342,1.2087106100135694,16.170021971357663,1,0.22857615609854168,4.173801616105962
Well_2,261.05849582172704,83.80234921004167,50.39548309771872,0.24162138313238618,2.3544982223436324,1.4256523412412347,26.647246614203546,1,0.20703607796768375,1.326343634363686
Well_2,261.7270194986072,84.66103812970931,39.56269173866003,0.23146531033560985,2.387319019735061,1.372911521202863,23.599973820296793,1,0.20357095533890257,2.0060862411943567
Well_2,262.39554317548743,82.68119769249883,43.98351002316835,0.22235311188575343,2.387779205385481,1.552846358605748,35.71464672427987,1,0.19776692470306897,1.3257990782566593
Well_2,263.06406685236766,79.72847377235223,38.25680455543822,0.21122814112295407,2.3796191962392808,1.5165872880737714,32.85392701899147,1,0.19084248164674222,1.36687782111714
Well_2,263.7325905292479,88.30742125296163,45.01388483465591,0.22463016141116643,2.336414168791033,1.534497049885587,34.237106192977194,1,0.21462612409277687,2.9961120084952673
Well_2,264.4011142061281,83.90953281739029,45.93732271971501,0.20952682428921196,2.3365323396477327,1.350205062878406,22.39778455710219,1,0.19569707872280206,3.0092275679645097
Well_2,265.06963788300834,82.01716523129927,53.40581476199583,0.21126742848151528,2.3620289503249783,1.5398643534597702,34.66285683728218,1,0.19096029142846088,1.3051592048675686
Well_2,265.73816155988857,83.39529757227947,53.515062283606845,0.2079731626262393,2.3757182090194737,1.2652741573481632,18.419343936105566,1,0.1830364746839041,2.0991213793707257
Well_2,266.4066852367688,78.59323923555853,50.70856688034058,0.19612397604834633,2.374920592362776,1.6866001712318626,48.59596059484119,1,0.1758379821890668,0.4531379452649813
Well_2,267.075208913649,74.77077745119745,53.917836627341,0.18134680653790522,2.4374859251079277,1.504335690283602,31.940057253110197,1,0.1663136588114235,0.6337748585568962
Well_2,267.74373259052925,68.08022927229909,87.7995533850527,0.1322148439394373,2.5286495425834112,1.8716743583013817,74.4173769976389,0,0.08106302300135836,0.03282411516802074
Well_2,268.4122562674095,71.53018510844086,99.81522847214006,0.1534963394993008,2.451844652979558,1.6041712016479903,40.19492305659728,0,0.09364083732525302,0.07003135726104105
Well_2,269.0807799442897,71.20353472101624,97.01249134692418,0.13561135504394028,2.503346618577401,1.574341230019414,37.52677384901558,0,0.09075993244763046,0.049962650060343304
Well_2,269.74930362116993,68.22338686806455,98.62998657629825,0.1133520911978836,2.510274347563438,1.6097972718584121,40.71901575580172,0,0.09397094227022768,0.045166220371192445
Well_2,270.41782729805016,73.57267987559084,40.93232252090951,0.1943508794687585,2.4238248216101397,1.6632867308280967,46.05605454903812,1,0.16697261716305056,0.4776514946540348
Well_2,271.0863509749304,73.54589118372583,93.86299223177497,0.12959020113286474,2.498934990695603,1.6755936098313415,47.379842186157575,0,0.09305685702264363,0.02722504213246589
Well_2,271.7548746518106,68.29712083694736,105.92821239163467,0.11349413993039491,2.5044307362305154,1.6175428118838338,41.45174443268576,0,0.06882310998071924,0.027526580964831703
Well_2,272.42339832869084,65.31338511212321,88.22833248290563,0.10550793567890539,2.522473734876992,1.7874228540655797,61.294690160768376,0,0.07732909371476793,0.055795921112211724
Well_2,273.09192200557106,71.10947196674077,89.67832124471965,0.13008633111847678,2.5243768120813384,1.6902941303317867,49.01106393806836,0,0.07765587452522198,0.03400344997203292
Well_2,273.7604456824513,71.44663044051512,90.20280825219196,0.15213752787908566,2.4836431657172775,1.6056555769271477,40.332540346920595,0,0.0913229095080812,0.059554969568823626
Well_2,274.4289693593315,74.18764190799867,85.50416165952295,0.1432941779342239,2.4845528216275703,1.4297127253630835,26.89755011544176,0,0.10004086172610828,0.05181925822173586
Well_2,275.0974930362117,71.88978392578123,92.62005370586253,0.12848945054949337,2.4836501849694144,1.597263498318999,39.56065725760761,0,0.09142887144763373,0.06585283644189832
Well_2,275.7660167130919,67.45113019007714,89.62700957830336,0.12296999894433545,2.523333715391238,1.7699381667917582,58.87598239876167,0,0.07747278284184353,0.02919278713519434
Well_2,276.43454038997214,74.06579843722989,90.70967323939992,0.16486080777532888,2.4831079374513196,1.3679235041556121,23.330470873944726,0,0.10647824768244606,0.1020404804455118
Well_2,277.10306406685237,73.89768015995234,89.28228841299754,0.16200573153713257,2.4480634803611783,1.497506530194132,31.441736967292943,0,0.11673562025048634,0.10256576260482757
Well_2,277.7715877437326,67.31496260101048,93.39030009030303,0.13447720546993683,2.4768740933393216,1.5407884517174724,34.7366915049832,0,0.09259046152905433,0.04264967236644388
Well_2,278.4401114206128,73.37177407327805,78.82653387006144,0.15478458305688095,2.4558372795643306,1.4219226129873974,26.41937947973639,0,0.10961785531592719,0.12028137761629329
Well_2,279.10863509749305,74.5388088573258,91.13076353065694,0.14295459071653663,2.4984230999118213,1.6016593233977952,39.963114137418565,0,0.1059545465447863,0.05539317592636459
Well_2,279.7771587743732,68.50137349172896,94.6636813355657,0.1570635030011274,2.5000121413728484,1.5247126622155642,33.47438927225892,0,0.1092703000640909,0.062037813007491366
Well_2,280.44568245125345,75.79002291090248,95.10311742215676,0.16070179966916645,2.449463369313034,1.4684143564592325,29.40453774555236,0,0.12793496856101189,0.10014177401876706
Well_2,281.1142061281337,71.53549107505621,88.6545738467852,0.16092897617938845,2.454431144398855,1.583539274998551,38.33004022313209,0,0.11331559128361414,0.10016031430851974
Well_2,281.7827298050139,70.88333656019974,80.35919987599343,0.17581246076212723,2.4221043966466294,1.2490465790331782,17.743797767975718,0,0.1238357678469922,0.13838041725950198
Well_2,282.4512534818941,75.42158092798236,91.57778358744858,0.16580391298286754,2.4458721013420734,1.4174092725930223,26.14624176284053,0,0.11739019299785182,0.059291072334596705
Well_2,283.11977715877435,93.67738354154675,30.690050274026635,0.2708608093188567,2.2578729266488287,1.299015192180116,19.907429765215056,2,0.26604479759740957,21.673074047632014
Well_2,283.7883008356546,77.03632563357282,95.06171310179327,0.15410149865682082,2.454002804382973,1.490531681332055,30.940810172205822,0,0.11927237599570521,0.10367742234263483
Well_2,284.4568245125348,91.42755514988686,33.1303138547678,0.2902548665381004,2.2388521512618653,1.2679876988249648,18.534791237976666,2,0.277623814613273,21.477294615089168
Well_2,285.12534818941504,72.29863747993944,94.92230327953051,0.18837332535410314,2.413620142056638,1.4844713524773891,30.512047547896064,0,0.13535430547706276,0.12098043431276516
Well_2,285.79387186629526,90.51479104308906,11.330621974109508,0.29208351087753315,2.2518022286333204,1.4352260109673036,27.24118596414348,2,0.27207545056525084,12.451716708596472
Well_2,286.4623955431755,88.58575082632656,26.53041853648179,0.2584818543658123,2.2654763157871827,1.2114691805228444,16.273058306509775,2,0.25038453916108033,7.541350995870018
Well_2,287.1309192200557,89.53727814593891,19.722483337536506,0.2646879643265563,2.268953063946392,1.3989407624881123,25.05767444515817,2,0.2644578853524256,16.586027732715316
Well_2,287.79944289693594,90.10310266129326,40.57536446578213,0.2866053395621834,2.259520375302149,1.3018082433854672,20.035871763213585,2,0.2620658926145055,17.77754949254218
Well_2,288.46796657381617,88.28481714907309,19.155820377029006,0.2876767562658983,2.2388359300274083,1.4743761292375819,29.810971492689877,2,0.26610422869463596,14.429310024240005
Well_2,289.1364902506964,87.94494315167057,20.72530722032827,0.2477307228975006,2.311810822983027,1.3408673705417817,21.92135375550051,2,0.24266631130339375,9.133746561134751
Well_2,289.8050139275766,91.37698602086965,17.03104027295218,0.31052602663238266,2.196711028324306,1.392086871788812,24.66532667647152,3,0.3033656799978979,102.33624955313942
Well_2,290.47353760445685,87.58493390156067,26.750569540320793,0.25714083888527883,2.2662552490119503,1.417229384456808,26.135414029728377,2,0.252627194971557,12.982257562310158
Well_2,291.1420612813371,88.25914146941145,24.88577706532172,0.27167621762224475,2.2665580664066964,1.3093153063416958,20.385215473444816,2,0.2584646404070692,15.992574001622069
Well_2,291.8105849582173,88.22447569603077,22.439213909591686,0.25330763071546647,2.258911277465079,1.5718425808580574,37.31148899659369,2,0.258483521438841,20.423824254378314
Well_2,292.47910863509753,87.917715943588,33.931985006078044,0.25327280311072475,2.2740659986950296,1.0756502044239191,11.90282927407635,2,0.2533959040561077,13.31629673735118
Well_2,293.14763231197776,86.79977231572171,30.668727640966328,0.2563319280652059,2.292366020336144,1.4364210001767306,27.31624505762523,2,0.2444484928110988,13.503697530137751
Well_2,293.81615598885793,89.22827347438644,39.27311123617039,0.2599858830551387,2.276599715009148,1.4033588489579638,25.313887691185524,2,0.24976475662395997,6.162184036998971
Well_2,294.48467966573816,86.23626534837173,29.78125566033548,0.2610601781834974,2.287393873337815,1.3670848039216532,23.28545904348601,2,0.23268021247117915,11.298479595231559
Well_2,295.1532033426184,87.74618212276754,37.527078514042884,0.24809868472506083,2.283520817127296,1.3052317518402272,20.19443708584067,2,0.2500294788873971,11.473141105280787
Well_2,295.8217270194986,87.27012497302414,27.55595897585101,0.23833835868193812,2.2968173423692178,1.4144604558078557,25.969312700009908,2,0.23448787565230375,12.377901333162015
Well_2,296.49025069637884,82.10556985602248,12.633736495299791,0.221792206339771,2.3279942697407807,1.6245275439919065,42.1238001825689,2,0.22078525711745214,3.9229748082124103
Well_2,297.15877437325906,83.48608452869381,24.043385019607545,0.23228555468542156,2.3064595336961653,1.4156753820083623,26.04206280881118,2,0.23809992851204906,5.611872623945275
Well_2,297.8272980501393,81.60580635723778,37.3219420052566,0.20678334642211513,2.3698922711125445,1.5950241522836615,39.357196244205376,2,0.20418332613179413,2.7644733137775948
Well_2,298.49582172701946,84.4846615701074,28.062619561248983,0.2367784247599619,2.3193604336733022,1.2693073786693507,18.591198104954024,2,0.23488682218216728,9.571541332607332
Well_2,299.1643454038997,87.3758809454441,39.21160782184899,0.2692397923574207,2.28542036323104,1.3515317619694243,22.466310765327364,2,0.23544619718921156,7.901021171696776
Well_2,299.8328690807799,84.35662858493524,23.57274464204063,0.2266513491410204,2.3199773988001757,1.5976915754837109,39.599670792729356,2,0.22358412394592725,2.266432848721772
Well_2,300.50139275766014,85.72253072743939,32.837323416667566,0.2362641276461365,2.306412093186442,1.4645968363827915,29.147199691238686,2,0.23695168536656902,7.9674926966209005
Well_2,301.16991643454037,83.24707886945052,31.11733381362883,0.22609122251439906,2.317968729495398,1.6969698183752788,49.77024955642734,2,0.2202907454419075,5.99885644863437
Well_2,301.8384401114206,86.82330654013292,40.66311875880718,0.24571100837150844,2.3126262012547407,1.3744958115646702,23.68622288138808,2,0.2317163143769626,6.678667407139563
Well_2,302.5069637883008,90.91791533347624,24.140765772235316,0.23926337782570464,2.3215536697001746,1.5882568981800258,38.74867871708048,2,0.23781190153364432,4.741659134540096
Well_2,303.17548746518105,90.97690780058159,35.43686625896404,0.23922163161307072,2.3290076037498517,1.3479380068868694,22.281170752936898,2,0.23085005877098894,7.519152884646112
Well_2,303.8440111420613,85.38130107151858,16.171730576396655,0.22106697805006495,2.327522577019464,1.5984899056963977,39.67253077409408,2,0.23284469753115514,2.833572354519548
Well_2,304.5125348189415,87.75644510865521,27.059025148164178,0.23558882675561293,2.3162374991059664,1.4163530416866674,26.082729757698807,2,0.2321169190112509,5.640145935932672
Well_2,305.18105849582173,88.68100043686479,40.12070856349601,0.2525519728186982,2.2908235762450375,1.4268293458534425,26.719562686427157,2,0.23553039599177672,5.305895048340051
Well_2,305.84958217270196,89.93640105077958,27.575462056877253,0.21988812146153777,2.2751084461143787,1.4091607525670702,25.654334469169598,2,0.2349465637293116,8.14643837074421
Well_2,306.5181058495822,94.15652289320572,36.366979854068774,0.2638197996146897,2.2747825568860245,1.2307322028628993,17.011092372573103,2,0.2633197326972733,18.343604333706374
Well_2,307.1866295264624,93.17416569489058,43.08421724290184,0.2667239414322534,2.2495321452698334,1.4381639832900124,27.426095459838336,2,0.26470427591490325,13.957077504668648
Well_2,307.85515320334264,85.37818400933077,41.708619287364655,0.26849370462649214,2.27350095268884,1.1070034487908027,12.793914639366106,2,0.24863692534982593,16.732471783927224
Well_2,308.52367688022287,90.29492293174971,35.16032306564031,0.26136141567169613,2.2770185245723003,1.4510029653468028,28.24899263158476,2,0.25714891996900213,20.60931543579168
Well_2,309.1922005571031,87.43999444834341,27.427932450211948,0.2797650732689795,2.2433033623717673,1.3576394337051987,22.78449638858816,2,0.26569988387425436,14.26018439664423
Well_2,309.8607242339833,93.50618592649043,20.170920527596937,0.3069107068170748,2.2286606898423167,1.3715622353842432,23.526766131279256,2,0.2804442523243748,30.324563428852763
Well_2,310.52924791086355,92.1813523366829,14.514672029750368,0.29013451968148213,2.2731093019876476,1.3507184614191974,22.424277616067968,2,0.26665827719181145,12.322389275724047
Well_2,311.1977715877438,88.04356394053607,28.167632534581532,0.25800248640714446,2.275451284437752,1.3690882075798718,23.39312317512995,2,0.2627312110554926,21.975277216495176
Well_2,311.866295264624,92.75349491271253,27.871263336388196,0.2994819413522876,2.2619944760176764,1.0734415297745452,11.842449182091997,2,0.27208331751009623,20.031479867831358
Well_2,312.53481894150417,91.31558727658141,38.45001715039617,0.293294803515532,2.223444448101411,1.4092283563698664,25.658328223715397,2,0.2707572150497617,29.22564927744359
Well_2,313.2033426183844,85.94518615534838,18.33969786613903,0.2587503817817843,2.246795708335606,1.3379689036623743,21.77553849639857,2,0.2629117054903697,14.379507190944802
Well_2,313.8718662952646,89.94730155995542,35.311753166608845,0.2879590462848754,2.220095858032975,1.4048985651270935,25.403792991005485,2,0.27792573168186296,26.342735369967837
Well_2,314.54038997214485,91.72680657105623,20.45242298584147,0.2740772298618897,2.275532123875284,1.330036935632068,21.381439254280124,2,0.26411847653011616,20.536540410547083
Well_2,315.2089136490251,86.93551905665916,15.019038161505005,0.2746699525393791,2.299679460725321,1.449291997509002,28.137920451306865,2,0.25594698597073084,9.96351417620209
Well_2,315.8774373259053,84.34897946202686,23.99914497262179,0.2601670156007877,2.293131584440778,1.402836528938868,25.28346132587299,2,0.2397916162605774,8.144099995924508
Well_2,316.54596100278553,90.13207473972716,21.805855030593857,0.27432387602993497,2.2476935181256095,1.4153564073540528,26.02294281406609,2,0.2652729064290434,13.384308258486767
Well_2,317.2144846796657,86.58499328240693,36.16724720450831,0.25102643235289607,2.289280434640982,1.349357141263063,22.354097522532484,2,0.24551447528345452,12.046973846192907
Well_2,317.88300835654593,86.73083817542441,27.389454543402493,0.2619729127787502,2.303547141205188,1.4547364125778752,28.49288416952311,2,0.24440893296125737,11.177671918881511
Well_2,318.55153203342616,86.08990943355462,27.291893867643267,0.2670720215993298,2.3006679399414662,1.5196888780138367,33.08939891138038,2,0.2550344131205262,14.003419257434043
Well_2,319.2200557103064,86.50793729655592,20.729660424452756,0.24267497297057505,2.3118565002812934,1.5553416811041088,35.92044275223993,2,0.24325289949945428,7.915054020943515
Well_2,319.8885793871866,85.70056615743873,21.240992536012087,0.2501166714025876,2.2702885060061235,1.4374717327202915,27.38241402309103,2,0.2518758222172185,8.638202553395327
Well_2,320.55710306406684,84.06054459286085,31.93353010139766,0.2257354668860516,2.297970731685009,1.5540930029520674,35.817313066748646,2,0.21706639029636035,4.433795867509085
Well_2,321.22562674094706,82.89422008264498,39.91072872380062,0.23448615049197705,2.343474723461855,1.3900053865413369,24.54739361554352,2,0.21168397369358466,4.363333508735775
Well_2,321.8941504178273,84.15736120371339,28.966540617476593,0.22281180366726586,2.338716784801904,1.4371508952477505,27.362192582166095,2,0.23130252324583503,8.715519499603309
Well_2,322.5626740947075,98.62779919946263,19.236297839352723,0.27619056238511475,2.271714564383469,1.3734457490333916,23.62902212958249,3,0.28267707117968494,45.89886954253404
Well_2,323.23119777158774,93.21094849789428,22.390601354970332,0.28449731551333457,2.220123129842414,1.6832353813125622,48.22090771423672,3,0.28032762444625997,22.205460531235634
Well_2,323.899721448468,84.26602223020502,27.34960914735976,0.24042365997363163,2.3370824325821546,1.6164227646471714,41.344977949835474,2,0.21597259858826615,3.6036583040278445
Well_2,324.5682451253482,92.32590584659789,10.01248160756222,0.26909539949189165,2.289901754151333,1.4398081013147699,27.530119802697502,3,0.2662623548156597,23.234971203777704
Well_2,325.2367688022284,92.22875583047416,18.09908214177495,0.2646492466680084,2.2555112178295786,1.359948605264261,22.905965658067963,3,0.2729929790557189,32.695004262081575
Well_2,325.90529247910865,94.19288216774127,20.834504375082176,0.30333336897340035,2.21941532672792,1.4102337102142313,25.71779381778748,3,0.287563070073248,45.436820143180334
Well_2,326.5738161559889,87.67536078408074,21.61593607224931,0.2851735239841146,2.2354749640200784,1.3582123676863,22.814574197937947,3,0.2793397207434593,43.23613478304149
Well_2,327.2423398328691,96.9523662000052,16.522977904435148,0.2857893282087329,2.240434289457403,1.3107383419996468,20.452120460310688,3,0.27925393633468354,42.772392797091925
Well_2,327.91086350974933,79.61562714931675,48.557228946572494,0.19137871205398693,2.3768107753552186,1.5179757955278936,32.95913425985159,1,0.17228469991962506,1.7262372885475268
Well_2,328.57938718662956,90.55066146450963,10.724385274548704,0.2882943581556386,2.2434463944262464,1.3716315612022427,23.5305219756658,3,0.2812844521152112,43.626141796471735
Well_2,329.2479108635098,89.1656402268545,29.961514151797278,0.27290173629253867,2.2803418516064204,1.3507243630528314,22.424582341952593,3,0.2685821133536614,26.545846236038454
Well_2,329.91643454039,94.33019091362598,22.997306735664193,0.26789537478293896,2.265096139719471,1.249466575197379,17.76096568504618,3,0.25829104355951726,22.12007480516132
Well_2,330.5849582172702,95.94092939177334,22.78917898003064,0.27740593623145093,2.20721304894993,1.141899394108772,13.864346190627183,3,0.29678799376499254,95.32625261958422
Well_2,331.2534818941504,90.03243847845225,18.443671216222832,0.25936799989922654,2.263900252410926,1.5615188916780396,36.43500988424089,3,0.2735317128904779,34.40528748142426
Well_2,331.92200557103064,91.54068556944036,15.575587776121399,0.28803907516324534,2.198822120358532,1.4949798497098834,31.25934327415894,3,0.2940154822465813,58.6449829755008
Well_2,332.59052924791087,98.27849676375766,16.3111183239451,0.30059787765916607,2.2060808953192566,1.33542470043666,21.64834499854857,3,0.3046133529724708,93.71489237395677
Well_2,333.2590529247911,98.2614075063717,20.25030804361301,0.30169787795305786,2.190287107611668,1.4136841701191707,25.92293495384864,3,0.31121261851629367,81.91259572446113
Well_2,333.9275766016713,99.78525301212683,27.41216208504569,0.3247771696109115,2.1798198621925837,1.4478949863132526,28.047553578313398,3,0.3168440151810029,97.35866635311716
Well_2,334.59610027855155,95.66963669705406,25.949098472059564,0.337551786218367,2.1893204208124923,1.1812635582668158,15.1797129215115,3,0.31399162897393657,57.96881373481635
Well_2,335.2646239554317,95.69429137477142,14.040130437942405,0.34056061407405497,2.1853633187080668,1.399747745413908,25.104278569372234,3,0.3132224075398365,84.6380021008087
Well_2,335.93314763231194,94.2845201209453,26.964230965168877,0.31281579268184584,2.2106049002651034,1.3002037225161027,19.96198488990057,3,0.3040741101901767,64.13966357898887
Well_2,336.60167130919217,97.48700198462276,18.161935761724,0.32480498989058615,2.1902464237453807,1.3865732729049312,24.35416661724431,3,0.32567482941607584,124.33847049104634
Well_2,337.2701949860724,102.66450838607952,19.52423056485115,0.3206445510394263,2.1822035289077313,1.357455423960499,22.774844685718698,3,0.33384438680490086,91.66468657836862
Well_2,337.9387186629526,97.71700139365079,25.083359170533015,0.3258261989962123,2.1718610837558296,1.1028099200629013,12.670971674340867,3,0.32549702164933064,179.70838101736155
Well_2,338.60724233983285,95.27107785056981,19.68444014548835,0.3023743356089968,2.2017002909857366,1.3342851707699057,21.59161714057324,3,0.30789375074885394,55.68722928012811
Well_2,339.2757660167131,101.95951772738611,21.233996361944744,0.32367480717127833,2.155793524974022,1.6623187946258116,45.953521168878396,3,0.3244341817552542,72.69082293105569
Well_2,339.9442896935933,100.52958487039693,23.217388389187597,0.3284583075259801,2.161694145382782,1.3741052511438137,23.664931469344513,3,0.32160150815194133,97.47444624585394
Well_2,340.61281337047353,95.97155439150188,21.984280216977844,0.32045993553836133,2.1899166094533835,1.4955303949995304,31.298995164038008,3,0.30376486205217906,81.88129768621894
Well_2,341.28133704735376,84.09021927063056,63.8283555334007,0.21923836262324808,2.3373262422053904,1.310051967805162,20.419822742491846,1,0.19515784636403272,1.6136405614726954
Well_2,341.949860724234,79.3827086914268,39.7496261554,0.23383755367084644,2.357034401416164,1.328955664878434,21.32827171539008,1,0.19660749375443012,1.2961135982960743
Well_2,342.6183844011142,83.44838968172547,41.44610410947401,0.22087723564122141,2.3264919207117565,1.432477753667241,27.069345401542282,1,0.20000466269339498,1.4294876909722078
Well_2,343.28690807799444,83.8491315313511,43.14700670391495,0.22592610974493527,2.346367149443058,1.3547360430927808,22.632683129345,1,0.20645193037299406,1.7835603129212854
Well_2,343.95543175487467,82.6264566346763,59.85151707806674,0.20706920052256905,2.339951687508887,1.3015490821975437,20.02391910998497,1,0.20312273277370288,1.0572257505110783
Well_2,344.6239554317549,78.5367538561735,47.35869520472831,0.22987794931287217,2.3665977521686803,1.4254011460047546,26.63183834570082,1,0.201775548210779,1.4384245599739196
Well_2,345.2924791086351,79.26691108479413,56.26079183517891,0.1968707597270823,2.3766846967277253,1.4562701691633344,28.59368767746257,1,0.17575294270729622,0.7642798178939882
Well_2,345.96100278551535,83.66918071671692,58.17438090920109,0.1978105253977848,2.3572963019363176,1.591901468692965,39.07522331505276,1,0.1728941021877284,0.8808056991595117
Well_2,346.6295264623956,70.10931446313636,85.51108900034785,0.16399410251418836,2.4675556074715104,1.5003294577662007,31.646774885072475,0,0.10523126618907461,0.09550157688309371
Well_2,347.2980501392758,76.56696364356216,44.05517848195645,0.2046652617699237,2.40072494171678,1.6003997094749107,39.84737431551929,1,0.16820220602067407,0.6070774373228303
Well_2,347.96657381615603,76.0924450804439,56.09992252967005,0.19573644797805495,2.404248867528038,1.5795319288982337,37.97798589823872,1,0.16838853777581417,0.7811026266854271
Well_2,348.63509749303626,80.08734287315184,58.61101771208869,0.179141771439544,2.3972982998775674,1.3940638871503623,24.777865270987633,1,0.1671036747430559,0.608733837182098
Well_2,349.3036211699164,81.33236637995147,49.227509897396,0.17904357457103595,2.3863661375087712,1.497163811067799,31.41693482397952,1,0.17502376841402217,0.6456777335079551
Well_2,349.97214484679665,80.49145836563143,50.1948163808621,0.18458584204469172,2.3867840168286762,1.4427743962559183,27.718798171418275,1,0.16658275865060643,1.0687841970787215
Well_2,350.6406685236769,78.59032008098767,51.54278628672537,0.17298883890519126,2.4212439161228474,1.4879849732698855,30.759903826332344,1,0.147536423247693,0.5158402837403477
Well_2,351.3091922005571,75.91437904126967,47.28642367267912,0.18742753706436877,2.392632594957617,1.4014922941403956,25.20532456433168,1,0.1726539101154251,0.7117391714339488
Well_2,351.97771587743733,75.72858815226023,41.8532307334074,0.18265353134022688,2.41551825098575,1.6634260475859846,46.07083118040103,1,0.16549994364110307,0.6650045745393917
Well_2,352.64623955431756,80.1923914889838,61.74774237917949,0.20423999002358292,2.420161894063784,1.503626013098656,31.887906878521445,1,0.17588057025899625,0.8239163026206409
Well_2,353.3147632311978,80.49552979630758,53.02345227328606,0.20226217179028436,2.3982764372489447,1.4229240793965565,26.48037185097609,1,0.17648465077121459,0.6041224806976319
Well_2,353.98328690807796,66.11175156879169,97.22271572717128,0.11411085376012349,2.5301831797277368,1.5761286306852171,37.681538880692074,0,0.08102285838439331,0.033541975331848696
Well_2,354.6518105849582,79.29989342325652,50.75600640350693,0.19277064626490995,2.3871514653781594,1.6356042250426925,43.21198583366733,1,0.1686925064780245,0.8328198442439158
Well_2,355.3203342618384,80.86581373415964,55.659704565243736,0.18495268223496103,2.395979413556967,1.6363528573571993,43.28653844381408,1,0.15844111826479848,0.5762461586082334
Well_2,355.98885793871864,80.28884287231874,48.574813953369976,0.1902361607649576,2.3772961557812655,1.623494675909875,42.023737588406895,1,0.17523860287898294,0.8369487640742117
Well_2,356.65738161559887,74.51411988108828,48.30195106235778,0.21231732233464248,2.3789986893746824,1.394873703072716,24.824110917815887,1,0.17991130679389344,1.7054991469276046
Well_2,357.3259052924791,78.83556308330954,58.41751624829318,0.1775365463743992,2.3746458028352695,1.3975112797040405,24.97533255440244,1,0.1680636707682584,0.57622152168028
Well_2,357.9944289693593,78.43765053428578,51.96432086496365,0.20917118246534824,2.3860472039037974,1.2899146543764033,19.49461462600791,1,0.1867077636789535,0.8135885922623163
Well_2,358.66295264623955,85.08537096921232,55.822683513310054,0.18992475191295133,2.3708739599361413,1.3830893258239703,24.159576982756384,1,0.1708069253524862,1.3058487679572133
Well_2,359.3314763231198,81.52851268578041,51.818088011665886,0.21465868861144283,2.3799329060951697,1.349865370716836,22.380272529133997,1,0.18599586201321056,1.0280125722627513
Well_2,360.0,81.94714772130519,49.69538206188354,0.22972167749975195,2.3320733057303786,1.242314157614978,17.470854932728937,1,0.20328538313635472,1.2426963254904675
Well_3,120.0,63.671779376233616,94.66732532447585,0.1354693121615995,2.4758950257844976,1.5843609155270137,38.40262536031704,0,0.08902981876923258,0.0409419984394169
Well_3,120.66852367688023,71.04463355602873,80.98316780035944,0.14137689657476255,2.487026658777922,1.5351212845762086,34.2863524007851,0,0.10079610394689406,0.06642855845538041
Well_3,121.33704735376044,73.28356637346839,89.3691181693058,0.16977300309908616,2.478908960313003,1.4979852092923367,31.476411134937543,0,0.10609647243909635,0.05500334945881063
Well_3,122.00557103064067,74.2200556280633,97.10343462102864,0.1527532429669596,2.461885809237429,1.4026203355470375,25.27087825795928,0,0.11318663284798568,0.0666576710865552
Well_3,122.6740947075209,69.80887541952298,101.18012467452911,0.17813540737938596,2.445179011061449,1.2548475941375703,17.982397526678326,0,0.12328772363402829,0.09239710025965057
Well_3,123.34261838440112,74.86229235573904,81.980631818099,0.1499885461411765,2.4519835969116066,1.371870358345024,23.543463808327438,0,0.11587700642557316,0.06092733245418599
Well_3,124.01114206128133,76.82098752796686,75.47624720407086,0.15890579066215393,2.4454037353202143,1.3900052580191702,24.547386351155232,0,0.12368155131810321,0.11719513607453198
Well_3,124.67966573816156,73.51273131037183,90.56737059229766,0.15048656210843397,2.4721681456777107,1.4465833161777404,27.96297125006962,0,0.09601239875071849,0.085292607057355
Well_3,125.34818941504179,71.77687414488136,90.79531095800164,0.1593205420344187,2.474604382817573,1.4794476478672847,30.161132731480183,0,0.10738844746205084,0.08058141426723195
Well_3,126.016713091922,76.72285070075078,76.82317622718338,0.1681678919345251,2.451239409324318,1.4421355619531713,27.678054615009334,0,0.13427890553749286,0.2135219314544789
Well_3,126.68523676880223,69.843053076972,84.77265154308245,0.14898740387290474,2.464032530870034,1.5461076252369432,35.16475737200841,0,0.1186195377698878,0.08301802363553702
Well_3,127.35376044568245,69.50610117394415,95.99507562908724,0.13755559346543347,2.4833346538452297,1.2262731929888733,16.837328803533353,0,0.1017642170291844,0.05920297804015313
Well_3,128.02228412256267,73.77998124185561,100.5637030557119,0.15352452750882026,2.440234033140171,1.4458616515794394,27.91654392912007,0,0.10941460567592373,0.08578722809457241
Well_3,128.6908077994429,66.46397561572844,97.04111954250726,0.12141996722805394,2.54054173656778,1.5989601714578165,39.71551252557573,0,0.07086430589718976,0.05904947287658137
Well_3,129.35933147632312,72.52387464735239,86.5394354519797,0.13265041066202762,2.4297340205731346,1.6493183215498706,44.598301743573145,0,0.1077745415169558,0.06350624887003913
Well_3,130.02785515320335,70.32036737241728,100.50438817424052,0.14133086644669401,2.4700254816657625,1.4258964898935136,26.66223118960002,0,0.08699864618235383,0.05039300534825301
Well_3,130.69637883008357,69.3718911083781,90.17864709636893,0.1442792217232677,2.504471394262919,1.7720299319967125,59.16024065818019,0,0.0902182850033592,0.056965452543144085
Well_3,131.3649025069638,66.43998675094004,80.54586300350087,0.11576370444014145,2.529679931704796,1.6780109572448758,47.64430073054724,0,0.07660453369834158,0.030857464698925908
Well_3,132.033426183844,67.7070930857343,97.62307189624303,0.12730428243521485,2.5170533249206577,1.6423806161823322,43.89151950440829,0,0.0748206573404892,0.02775988898099982
Well_3,132.70194986072423,69.81071412257546,100.25780731154637,0.13720452679729928,2.501917131637541,1.5589349799026042,36.21887695167443,0,0.08958158039294888,0.04708713723695305
Well_3,133.37047353760445,67.0918989935707,90.08957883208774,0.12263911949287931,2.4971455076626734,1.6771945000092243,47.55481538416789,0,0.07890170081436235,0.020952038877885226
Well_3,134.03899721448468,70.13196203689296,83.14134589046355,0.10738077123064547,2.4986835050633385,1.7744781667565446,59.49468463032916,0,0.06689274770047093,0.03046380672332651
Well_3,134.7075208913649,64.93824375723024,101.79702214687964,0.11115798417885266,2.527776582372359,1.9324953535949563,85.60425530918381,0,0.052964782456148225,0.01888925072430171
Well_3,135.37604456824513,68.04738187920738,81.31415137009247,0.11983202124208729,2.5236837137525816,2.0337975315870693,108.09299034822627,0,0.07373598588752091,0.0365983824396314
Well_3,136.04456824512533,70.01254110520378,87.95307687588112,0.13276994869898798,2.510366004458807,1.7569382826289641,57.13974298996548,0,0.08005133289324766,0.026613633207208123
Well_3,136.71309192200556,64.6093911774709,83.00136243825577,0.09182901449582884,2.529959398304033,1.7218004182473967,52.69876265120289,0,0.07129910568872834,0.023315387016411615
Well_3,137.3816155988858,73.7352001424141,92.64624457082945,0.11539649805877857,2.5129604224264552,1.8069791389855647,64.11787772968083,0,0.0687066294558424,0.03220854844854848
Well_3,138.050139275766,65.73196332237487,82.75831035600044,0.09351905925061198,2.547858645724275,2.0650567167301466,116.16003032398748,0,0.05544173974018514,0.010345095871920035
Well_3,138.71866295264624,64.45512766523959,91.5527545703874,0.10695194261123399,2.5339944975004807,1.884329368457545,76.61774547654693,0,0.06720857262285374,0.020508692777104643
Well_3,139.38718662952647,63.90982366377096,90.05597538239664,0.10097300645500538,2.5670574043198,1.8735325799371358,74.73646979512435,0,0.056247288468902486,0.018205309965875122
Well_3,140.0557103064067,59.98765222244219,84.07383439230892,0.09270550982248944,2.534555888815588,1.8354371699757486,68.46004337704319,0,0.057616620071677914,0.038180810589983315
Well_3,140.72423398328692,64.48098563295062,76.9846530116389,0.10919741032265148,2.534506216905963,1.825538411506608,66.91730029450824,0,0.08153957211634674,0.030779637402505913
Well_3,141.39275766016712,72.43872036672059,108.49798174173742,0.15080055388907265,2.4846353267814916,1.3758431205710027,23.759818598575244,0,0.09038783611594622,0.04225177468973602
Well_3,142.06128133704735,69.79104556228017,94.4904414945907,0.11313801216516921,2.5404499557516695,1.6611953945319193,45.83480568686299,0,0.07823518903657292,0.028793596614705753
Well_3,142.72980501392757,72.16233815652635,91.18502983799289,0.13336253005379226,2.5209901956508243,1.661465076784378,45.86327639689766,0,0.08973374531345994,0.027939720862471592
Well_3,143.3983286908078,67.29736229727258,96.71093259321464,0.14086357786342224,2.5060280539264577,1.7260476544449792,53.21666498659873,0,0.07429597176799982,0.034654642638160114
Well_3,144.06685236768803,72.92212908731388,95.53277037566676,0.13719064585344898,2.5112639356523396,1.6794679493903901,47.804408554948836,0,0.0854425739983817,0.027517045273781536
Well_3,144.73537604456826,70.51776056896657,77.5894935919683,0.11948018073510229,2.4765409151264017,1.70283976592382,50.447513581263664,0,0.09546972041241977,0.048016120999098265
Well_3,145.40389972144845,67.40783696791092,72.9903388151113,0.1382064499301535,2.5099805421137673,1.7801104200355982,60.2712807247323,0,0.09475204405393298,0.06354713899459451
Well_3,146.07242339832868,71.4398395724362,68.82202139877216,0.14714678554990107,2.4812755838882077,1.6484856480478145,44.512875268914996,0,0.1097455896197378,0.08555241787070006
Well_3,146.7409470752089,68.2043519649947,80.23580462823975,0.14679250010238834,2.491784343636676,1.5319650110888006,34.03807658385175,0,0.09509759667224518,0.04383098708494325
Well_3,147.40947075208913,69.14853572181119,92.25711854799704,0.15367661707846494,2.490732764541992,1.575724846453439,37.64652084361875,0,0.09822239888483306,0.049243593894592236
Well_3,148.07799442896936,71.00962337797995,99.71553517870464,0.15504521894150064,2.4553626338640613,1.4956025796917216,31.304197846083856,0,0.09857986882619585,0.10520246693500321
Well_3,148.7465181058496,69.7080742744531,86.43957067802853,0.16497722056789266,2.450826488883376,1.472875960944684,29.708174139699672,0,0.1171951773167478,0.08467786667586133
Well_3,149.41504178272982,80.83839765628069,99.875000587904,0.168827294472307,2.4341002398568916,1.3903722649221282,24.5681392465006,0,0.12038801282839834,0.0931207615227785
Well_3,150.08356545961004,77.39070340858974,85.22515810479635,0.14583822338676133,2.472578861867519,1.515937267078117,32.80479038627791,0,0.10789391785234108,0.0883892585698967
Well_3,150.75208913649024,73.88837573684064,93.81161971794691,0.14653083149797308,2.4894167314813305,1.4450658708990243,27.86543781010063,0,0.10439934554741548,0.06457576951651413
Well_3,151.42061281337047,75.71469399908203,99.29119980376393,0.15122312347288416,2.4166102141438155,1.3358741143974184,21.67075860152923,0,0.11025621359865656,0.10826058010486776
Well_3,152.0891364902507,74.20376871691636,92.43473661343756,0.14151118598838786,2.4753923406101945,1.7170901282801452,52.130288484312715,0,0.10219604666664542,0.051334737937051116
Well_3,152.75766016713092,72.17247945517218,93.57973153523801,0.1624973365001782,2.4604974664505126,1.2215020895965405,16.653368404903976,0,0.11512839142742236,0.03957587591389617
Well_3,153.42618384401115,72.19102864110391,89.13898615949873,0.14678720142717397,2.4561183806504485,1.4749584866278889,29.850972655882874,0,0.1052734424923146,0.06979918211892187
Well_3,154.09470752089138,73.66160237926364,86.96059598179463,0.14647419786596805,2.4878838922447115,1.6700730934031915,46.78138695047318,0,0.10320942086978772,0.1695874832782378
Well_3,154.76323119777157,68.06916502506006,84.5674660574017,0.13531903976623996,2.4782568693951768,1.4927457903311558,31.098954599185966,0,0.09621684448333527,0.053249486685482496
Well_3,155.4317548746518,75.92710975112655,91.43414663307576,0.15988171048979072,2.449873318008438,1.4324396876212293,27.06697286900187,0,0.10668814327655281,0.09683928261487167
Well_3,156.10027855153203,69.05415963570081,92.18171170424185,0.1495674085591714,2.483038570466373,1.6194359732212007,41.63283384182931,0,0.09077941870418763,0.0969355358004373
Well_3,156.76880222841226,74.11686425022721,94.67596396502577,0.12442552086138733,2.4698142122621825,1.4957336824569138,31.31364923584652,0,0.10190162720543389,0.04884707461177355
Well_3,157.43732590529248,64.57666418764029,91.18647170466201,0.12697085886400106,2.516277613885361,1.5926982797783287,39.14698142501206,0,0.07857842916370684,0.037725793303775935
Well_3,158.1058495821727,78.32560967962803,31.669790123810557,0.18182348786271274,2.418018666437689,1.6807766356334592,47.94867777458029,1,0.1628358280479976,0.5699889105209583
Well_3,158.77437325905294,69.6387011316553,77.03930125005948,0.12955309196641368,2.5108773464012435,1.6307075668399609,42.72750826340368,0,0.08257808090457561,0.02640949119518519
Well_3,159.44289693593316,76.30516563663927,46.44853638456498,0.1769034853644568,2.405471662416767,1.8688595899977414,73.93661949014758,1,0.16496089272396103,0.6399999443027643
Well_3,160.11142061281336,75.29855436050947,45.16861339973298,0.18319848454943982,2.404135422001919,1.540437208835792,34.708608985920215,1,0.15628288029686607,0.6506498925378541
Well_3,160.7799442896936,74.47444203519808,53.146919295312365,0.17244395169515475,2.419574483116201,1.6695548509201725,46.72559613644778,1,0.14383851000708248,0.5382944713029614
Well_3,161.44846796657382,78.6112744096043,52.114597267394664,0.17510331556174202,2.4541728680913177,1.4879330486475497,30.7562263655804,1,0.1313822371081017,0.21789111216133822
Well_3,162.11699164345404,77.76895373203614,53.064887254435874,0.19476447722163748,2.4262842940148905,1.8191414106264965,65.93885638039404,1,0.14639893297759232,0.613261186759826
Well_3,162.78551532033427,73.29453362776441,43.77361756825575,0.16827018017589662,2.4279227272691988,1.61782397465971,41.47858903113017,1,0.1555468538133449,0.3789016000137154
Well_3,163.45403899721447,72.66103732491666,42.73048560871274,0.15611267510545243,2.455285407385883,1.8575231977595688,72.0316225768987,1,0.1253768687973767,0.1640065930428847
Well_3,164.1225626740947,77.67440736765067,57.92209793098991,0.15485593471152861,2.436283218588014,1.7100071423087473,51.28698184629559,1,0.13172147146820934,0.23955189366058124
Well_3,164.79108635097492,70.01630292315333,39.9659500848018,0.1605852787871144,2.4654925092477162,1.7205848055406472,52.55146233692072,1,0.12984311457683245,0.31178686252676086
Well_3,165.45961002785515,68.55668814512018,57.04606565386595,0.15961371459960558,2.4563768623632893,1.6861585597206044,48.546571000595264,1,0.12749385786688575,0.2956214257142725
Well_3,166.12813370473538,66.72863937091773,40.044109008362796,0.14514621734097122,2.4929518449700376,1.8132170167793042,65.04546410720376,1,0.11426925002246875,0.20911041315578613
Well_3,166.7966573816156,75.12200724713962,53.94567533251255,0.15604934960387085,2.436283368190986,1.7149750293436847,51.877021030901645,1,0.14547094180160886,0.35897388398868657
Well_3,167.46518105849583,73.33353121665196,44.46560760995321,0.16424114310047952,2.436374625077208,1.4938347990258285,31.177034174836297,1,0.13812993989457523,0.43817249260327845
Well_3,168.13370473537606,79.46788158975531,45.36473821362064,0.19243962577586127,2.3909355258862743,1.6871796717446872,48.66084785954416,1,0.1649456185753614,0.6249357420886142
Well_3,168.80222841225628,78.52926359036938,46.70687616958416,0.16458200298780917,2.416488604944124,1.5938344410969636,39.249528239106596,1,0.14990783663890045,0.6191646160434365
Well_3,169.47075208913648,74.51776227780937,48.23533236681012,0.16105795181060414,2.438855767904597,1.7168728561002964,52.10421486580077,1,0.15789201920923013,0.7091740711160225
Well_3,170.1392757660167,79.10808432440028,48.12643167436968,0.17741404531935367,2.4146095152828058,1.5687791155652717,37.04922395730412,1,0.15785360886842148,0.506669262451889
Well_3,170.80779944289694,81.59447256432108,48.051290773398755,0.20294776986842425,2.3736092843319287,1.5654124816794075,36.763130144858515,1,0.18247589256927063,0.9745389206039823
Well_3,171.47632311977716,70.46638300063167,89.00386440150686,0.12375900916741617,2.5105145843909855,1.8032285135164778,63.56653130455571,0,0.08916686719052444,0.028493003569409692
Well_3,172.1448467966574,78.12355617286028,51.84614600985118,0.18507955391352937,2.410975986420786,1.6486009022893766,44.52468978348752,1,0.16833869255617903,0.5984500580473586
Well_3,172.8133704735376,74.935381172408,58.88899463114992,0.19292029981374928,2.421624972573205,1.4520955610838768,28.32015076840775,1,0.16388095610321646,0.5276318841723813
Well_3,173.48189415041782,82.59060100397888,57.931680860828806,0.2077662836871001,2.3660174727353254,1.3871341192146045,24.385637815694327,1,0.19211415339502272,1.0872187842240806
Well_3,174.15041782729804,81.29342151914724,53.86589181744983,0.1929275397792324,2.399881503063577,1.6711497357919032,46.89750472107536,1,0.18904714200877595,0.8548007052591896
Well_3,174.81894150417827,78.61812021932984,44.97657523089057,0.20431111734964735,2.4110950592899365,1.4006844922017205,25.158485411057974,1,0.17394937175300174,0.721542117838034
Well_3,175.4874651810585,79.44464929601716,43.553664657795494,0.21186407738736918,2.3712837512218505,1.4736318197415446,29.75992413393096,1,0.18614478948078486,0.6727566633745173
Well_3,176.15598885793872,78.24670023700519,44.75060370329407,0.20210631279525978,2.3687417529723063,1.4041973825973129,25.36281083552088,1,0.1887538766893041,1.8170512933725587
Well_3,176.82451253481895,81.48981995378209,35.74065534608231,0.19590728170378058,2.35616616947748,1.5345006949934388,34.23739355207,1,0.1902972734605666,1.4657856418799406
Well_3,177.49303621169918,83.13033902449493,32.90022939891839,0.2057054876914796,2.3745855066117776,1.5555103415569642,35.93439534648907,1,0.18842280635756525,0.9153642705046031
Well_3,178.1615598885794,85.59488395265444,49.39358667206497,0.2127712440679474,2.334046150621403,1.5236916778776883,33.39578664928341,1,0.20447397067859074,1.0449532153204255
Well_3,178.8300835654596,85.2777769577858,57.49189596173752,0.1996663421075545,2.337557960839379,1.3899980110275265,24.54697673687982,1,0.18701209766964808,1.4953315270212097
Well_3,179.49860724233983,81.06141248648525,50.10625968202194,0.1926562614177026,2.3505034133592604,1.3424246556404147,22.000100038340747,1,0.18425831808133636,1.5257303647069078
Well_3,180.16713091922006,80.25324104320964,53.7441120935827,0.19633857585949774,2.373758110571088,1.4413391592842728,27.627345525015677,1,0.18548863936716176,0.8862031877490588
Well_3,180.83565459610028,78.0793142010349,43.76248528405381,0.20269671707335876,2.3856067410345405,1.609415359174821,40.68322374481609,1,0.18272491318294784,0.8327278909593901
Well_3,181.5041782729805,82.31058385969361,41.17630449579418,0.2045168017746097,2.372985339206032,1.3375618252033898,21.755137133044023,1,0.18764512221166063,1.0007048481658858
Well_3,182.1727019498607,81.1931492357085,39.87324375331189,0.20689215508361405,2.381289419178705,1.461199538232069,28.920083212572184,1,0.1822023008786627,0.9148707906854114
Well_3,182.84122562674094,77.85771353343911,50.74322864234148,0.1830120264218436,2.367937349380128,1.645331069889651,44.19071921689263,1,0.17893788642593755,0.7283919867065026
Well_3,183.50974930362116,76.55686124553209,47.401045001986056,0.18828255067059363,2.3773516370139873,1.3269732193912358,21.23113536951727,1,0.16811611289072756,0.6413601714526519
Well_3,184.1782729805014,77.00130968318996,47.976423453701784,0.19427284840659065,2.3912599271469475,1.4231205206068158,26.49235223097812,1,0.15696052845407338,0.935232104160686
Well_3,184.84679665738162,79.93777603667,41.640040130908574,0.1737952317399769,2.373730355069594,1.4963109742248908,31.355301001250044,1,0.17246837574899124,0.8657229879433714
Well_3,185.51532033426184,77.6137237663976,57.0027685194179,0.1790803174306686,2.4210679902205214,1.40622779771798,25.481664756428493,1,0.17083136718960026,1.064004316559379
Well_3,186.18384401114207,74.94877937202938,52.05051392176619,0.18117275231365518,2.433395777650645,1.4724618504727212,29.679860166028917,1,0.151379556041419,0.38182787182910555
Well_3,186.8523676880223,73.97770001733446,53.437816276577706,0.18270486147140533,2.411979703708925,1.604686697638667,40.24266168705945,1,0.14982959508393973,0.25914674178257213
Well_3,187.52089136490252,72.78285675565884,55.75829829127468,0.1534166386745442,2.4066385748458012,1.5545657667610808,35.85632426750967,1,0.1564217777595149,0.5071796139757009
Well_3,188.18941504178275,73.90165591718898,56.63313142371933,0.16895324632403608,2.4566440608809073,1.6525405721867097,44.93042971270517,1,0.13500346031341703,0.33025013249042673
Well_3,188.85793871866295,74.23052184046438,42.815765847752644,0.17651073324274005,2.4337019973826326,1.5461022186798008,35.16431960663342,1,0.1579122990970989,0.5258179246485053
Well_3,189.52646239554318,72.82288308948802,49.52369721183922,0.18095207842157732,2.4199989004700426,1.586752171155841,38.61465607927948,1,0.14673041482474822,0.37238910719772605
Well_3,190.1949860724234,72.32800008069952,54.45803810191788,0.14963065946799028,2.4448146884823694,1.5137925801229453,32.64318904396546,1,0.13118756305006574,0.28626067682528716
Well_3,190.8635097493036,73.6209931079594,54.58342601270538,0.18016121484845257,2.4334442124396523,1.761590998306237,57.75518752569527,1,0.1418608585225181,0.745530405049216
Well_3,191.53203342618383,70.99205712842817,46.09414021965534,0.16132265508830923,2.4677866454647375,1.9159157292492537,82.39782142938594,1,0.12372052193620035,0.2945444751472761
Well_3,192.20055710306406,67.41622076147534,56.66248191459488,0.15602386124877007,2.4797998883043553,1.6671824371110895,46.471044838420546,1,0.12204836270520907,0.2649465281873089
Well_3,192.86908077994428,76.06578840783487,39.920401516911035,0.18410817683471684,2.423075663946149,1.5389864123749868,34.59285547067676,1,0.15561199948884383,0.5313953560480977
Well_3,193.5376044568245,79.02273934204663,50.213548518110464,0.2014665284174348,2.3904793742164783,1.5833556266878122,38.313835184127676,1,0.1649804857433315,0.8368018944875554
Well_3,194.20612813370474,84.41511967529458,26.836024080080037,0.22076014695761703,2.3482561921056173,1.6832037770092951,48.217398729424495,2,0.21347202625735665,5.276202639029855
Well_3,194.87465181058496,83.69911636463354,25.47051498717562,0.2234505797908621,2.3784395472081203,1.4524747304722265,28.344887032917715,2,0.2025380992793361,3.6242824353710854
Well_3,195.5431754874652,82.77815235934824,21.78305825794661,0.2510558530994637,2.3360418273650216,1.3399380360341422,21.874495022859307,2,0.22683293943506427,5.454540246728407
Well_3,196.21169916434542,84.49927992244452,33.73514550778196,0.21647035297511402,2.3392262954527547,1.5784518585990612,37.883653751486094,2,0.20661992517180675,4.516607951901014
Well_3,196.88022284122565,81.8866522827812,21.812150855323264,0.2403685479178738,2.3401027693494005,1.467174831134694,29.320733536007825,2,0.22246564018988652,8.383251500321823
Well_3,197.54874651810584,89.10748379706932,27.94402112815461,0.22261738094426223,2.3047608756599676,1.408752711537571,25.63024227962242,2,0.23489569781769026,6.25999696705825
Well_3,198.21727019498607,83.82106795540274,24.28401126726651,0.22046216251289044,2.334668421885479,1.577027974752353,37.75965127373924,2,0.21672403424921746,3.3260762117098306
Well_3,198.8857938718663,83.63551489363103,37.35468975139608,0.2312272937287017,2.315890699743264,1.324264248413396,21.09911544534384,2,0.22081042347979052,4.5136528137154075
Well_3,199.55431754874652,92.53080869651052,30.969857983376407,0.2644947995620772,2.2650457963058392,1.5177646757126884,32.943116015082865,2,0.2554349896102322,9.460210270570432
Well_3,200.22284122562672,91.14175852125132,38.863399273848906,0.25143623426833567,2.289998301760251,1.4010834141746333,25.18160539964594,2,0.24408918101364016,7.420137495417902
Well_3,200.89136490250695,87.26959093104401,31.66148221191886,0.25199433991577425,2.269890930294193,1.556677673796059,36.031112678326345,2,0.25375359747193055,15.051359590206372
Well_3,201.55988857938718,87.95102839595104,11.281832612995569,0.25342625546781916,2.358228782904628,1.4403147778672174,27.562256997089836,2,0.2395267345954884,7.339329740104182
Well_3,202.2284122562674,88.41809540551354,27.696228979178166,0.24387748267564432,2.3226945754571573,1.5317125686628692,34.01829701459236,2,0.24697744358904158,10.142104116827676
Well_3,202.89693593314763,91.1533171105289,33.648940918578646,0.26230081675829015,2.32135975958582,1.4606475858175205,28.883351521972926,2,0.23824297172403064,9.265467053524352
Well_3,203.56545961002786,94.99391917453569,12.871265777701737,0.30303371181068467,2.207312520843845,1.411987438827946,25.821855045706013,3,0.2971231457010586,51.62448265246561
Well_3,204.23398328690809,92.64976210771472,8.592312636802085,0.2959024123767452,2.2257487913908833,1.3671993529613637,23.291601600852886,3,0.2939341934302718,76.8288700384241
Well_3,204.9025069637883,95.75852330504719,14.312580943251461,0.2960155624959881,2.209753795447373,1.5110125313461376,32.43489761388788,3,0.30239847928586416,93.71037382433822
Well_3,205.57103064066854,94.29750298118331,18.235484813585803,0.29028437193879014,2.2252970286245835,1.2805903904432714,19.080528089160925,3,0.28148810294493176,35.994734816345925
Well_3,206.23955431754877,90.29342331690822,26.25200068578353,0.2992200404626029,2.2621188267898713,1.4694064530732536,29.47178586674042,3,0.28436602485439016,23.218645405853387
Well_3,206.90807799442896,92.26453744418714,27.108777096655807,0.29260582962244214,2.250368683194527,1.4440005785000845,27.79716970466779,3,0.2843823631338202,58.72452251325402
Well_3,207.5766016713092,94.19287409024521,15.065109899494708,0.3072479482778708,2.204980705699129,1.2748815237216151,18.831352968774105,3,0.29101258021028,34.27752805739906
Well_3,208.24512534818942,92.6355011308568,27.709026442610572,0.30608350076138735,2.1939700501329105,1.4526713929289337,28.357725412564882,3,0.299130531527191,85.88227959578658
Well_3,208.91364902506965,94.49783395648278,20.322159277388014,0.2768651912395371,2.238573303117402,1.5591923864722341,36.240350262234834,3,0.28004868606934896,17.91155898666675
Well_3,209.58217270194984,88.5262448210064,11.083986851678405,0.2785992447261905,2.2734454915024003,1.4636369908867066,29.08285184400503,3,0.26681571725273867,25.015889933237318
Well_3,210.25069637883007,88.782087896296,16.279067394520165,0.24878076672048602,2.285181274074962,1.309999234042942,20.41734343697665,3,0.250840808878354,15.177076514457822
Well_3,210.9192200557103,90.0045189232547,12.797596826965567,0.28966410834242895,2.2352404459972814,1.5402255144993464,34.691694597714104,3,0.27524093757829887,45.390099785185434
Well_3,211.58774373259052,88.29529033014693,15.663899301521433,0.24827194297467356,2.28928216989589,1.7737625197868332,59.39672775625911,3,0.24973128283110088,13.17517272056492
Well_3,212.25626740947075,92.98015008022458,25.000324040047403,0.2800004732159416,2.2558402990445865,1.4580228930064045,28.709319137435884,3,0.2702825908463428,28.229855664734057
Well_3,212.92479108635098,88.08770379766105,23.424311301113036,0.2449960895225531,2.2652151052875587,1.5565183195635428,36.017894326995055,3,0.2662908146281883,19.018068270190348
Well_3,213.5933147632312,87.94190437967356,25.397643566152095,0.25072567325832795,2.2997670488393247,1.5884417556066155,38.76517560112466,3,0.2447896641087596,10.188980449098054
Well_3,214.26183844011143,92.6520409232752,24.379860304358143,0.276929435619652,2.2448741076175023,1.4385139371032982,27.448204271029034,3,0.2708205371524713,18.48143472753467
Well_3,214.93036211699166,87.23375062892109,29.995698143065475,0.24913533440977775,2.28560203756606,1.2403357584827759,17.391448637312823,3,0.25327556560945885,15.09496279860819
Well_3,215.5988857938719,92.06244807332381,25.926678252078876,0.27079969109236995,2.254180314973916,1.5481774550230216,35.33275117911594,3,0.2600746256191544,33.330411793938346
Well_3,216.26740947075209,85.00050684198523,34.070281465562566,0.25653259100565484,2.287377316863261,1.3642038072377307,23.131500586791518,3,0.24001591682048679,9.841143247436273
Well_3,216.9359331476323,88.12371042485725,7.147183587645753,0.26989126767917615,2.2657884891914604,1.4563182508602477,28.596853522735845,3,0.264834152043239,18.122025697369885
Well_3,217.60445682451254,88.86915660475726,14.210775141984922,0.25504170400279047,2.276233786435612,1.2932557991018718,19.645170350974052,3,0.26113077769089454,31.907679142516894
Well_3,218.27298050139277,89.79195275438222,5.877864857438192,0.2781437096355952,2.2708704423935746,1.4809610116568677,30.266417022398585,3,0.26516012748707424,23.7030906601679
Well_3,218.94150417827296,87.61635907020617,25.191086299595803,0.2594122115690934,2.266547971401701,1.435460967603475,27.25592764140978,3,0.2607010395128719,18.296882818166942
Well_3,219.6100278551532,88.76637494491561,11.394417028290245,0.2599165596842098,2.283623677863883,1.3103635299674312,20.43447714635356,3,0.25494436290436034,19.360863493306613
Well_3,220.27855153203342,86.83694466195982,11.679962545616743,0.26440053290814913,2.2723135264005045,1.517286917149506,32.906895886564214,3,0.25609253257277914,12.724013430032688
Well_3,220.94707520891365,93.92461800181557,21.237551019409285,0.2634886302451149,2.262011667669267,1.5241569227755023,33.43158158846537,3,0.27179745265356586,19.749455814685
Well_3,221.61559888579387,91.38500193122702,9.71814168559608,0.2766378503276926,2.263730506462428,1.7057336912717356,50.78479354662433,3,0.2745460985868621,21.875854494823454
Well_3,222.2841225626741,88.78223755113089,30.76909573659413,0.21865055541770972,2.3209391933420633,1.6082334137338032,40.57265366094547,2,0.22920751896137403,6.438887016906625
Well_3,222.95264623955433,85.76150532853377,15.798099878716702,0.25682440968399056,2.283083148613598,1.5075964789189191,32.180773521397505,3,0.2501265648481701,13.23366622284487
Well_3,223.62116991643455,90.06207307515287,34.45375313595506,0.26343346712992516,2.2447391908440624,1.5141520189785422,32.670216988779075,3,0.26505717247428023,25.09124462648157
Well_3,224.28969359331478,91.75790594319596,7.785506039481158,0.2731394607206411,2.2524362078611877,1.466965115468139,29.306578318687148,3,0.276306653954422,24.996530379387497
Well_3,224.958217270195,97.30378498036448,10.563521379755066,0.3208300421725465,2.2018502079843025,1.3392810858417132,21.841430844483607,3,0.3064829705718188,42.165212705678115
Well_3,225.6267409470752,93.78031363121261,20.71215202179842,0.2977739361989616,2.2306205876315124,1.4963199887294594,31.355951839447133,3,0.2850924854195723,39.266645824755564
Well_3,226.29526462395543,91.63354187292641,17.008254117046338,0.2618134058674221,2.255584147368304,1.5545702375927224,35.856693391274554,3,0.26860673159833076,31.39064485914324
Well_3,226.96378830083566,95.10584215651566,28.186030157876992,0.28385683034524367,2.2049841293887305,1.4024335634312977,25.26001263376893,3,0.28536064897190716,49.714824295367755
Well_3,227.63231197771586,91.32874019587078,15.593693421380728,0.28096692187277517,2.2091851001198255,1.342406482120531,21.999179439745017,3,0.2885833068598514,92.75333717954287
Well_3,228.30083565459609,90.31860222054524,20.45479437568296,0.29696405084799593,2.2339336516107697,1.6001218379512636,39.82188721027704,3,0.2898819659318501,57.66388127483324
Well_3,228.9693593314763,95.76948921835879,28.437278686089343,0.3005252817605749,2.209852116083237,1.366720483721673,23.265933568977285,3,0.2933819994584056,41.70390199379921
Well_3,229.63788300835654,93.40886215064764,12.34299930675666,0.31564223978535305,2.191618344747467,1.4800881782553348,30.20564947418999,3,0.3103641860218649,75.11522001773555
Well_3,230.30640668523677,94.60109539788535,12.530622763615266,0.3164200557489025,2.219071852013118,1.4367601273628285,27.337583802441614,3,0.31305951733630105,59.28060936482739
Well_3,230.974930362117,91.22704995701875,28.40653289983129,0.29377049731676347,2.2019926019517766,1.3924304331544697,24.684846625212828,3,0.2900792082824911,59.993414431788835
Well_3,231.64345403899722,93.98234528761584,28.91351448198194,0.3020870615714993,2.1931540894070345,1.3657202323518685,23.212409971304673,3,0.2998896807609239,37.10970864953268
Well_3,232.31197771587745,75.83419683060454,39.899375555928344,0.2004427951491303,2.4044642811464128,1.8615178950881472,72.69723534660595,1,0.1688585525583922,0.5354836560314988
Well_3,232.98050139275767,80.57781520627421,51.818492960078096,0.20105570498249972,2.367445922552862,1.5382424192514133,34.5336449228632,1,0.18590469273828986,0.9250718594508831
Well_3,233.6490250696379,76.94059377093878,48.116930945748514,0.18664663030016568,2.4020100869306336,1.6447060532005418,44.127167702834235,1,0.17415337074787415,1.3949478206800177
Well_3,234.31754874651813,80.6327639670598,47.85842758099984,0.19522118043226544,2.36998259954539,1.4841960895742776,30.492714643516656,1,0.17876131909228637,0.8583657302471785
Well_3,234.98607242339833,74.93396006127706,48.421559741686565,0.18913285055173246,2.4155292749986694,1.7034839748501496,50.52240021987535,1,0.16264475963648162,0.7781043258374515
Well_3,235.65459610027855,77.69820645932634,44.47011904811685,0.20519138497463923,2.393017876991404,1.6018175720374912,39.97767858860581,1,0.17664741658966007,0.9816418093495775
Well_3,236.32311977715878,76.97411849100213,49.01136697332461,0.18501328511644866,2.412559919632046,1.4404586634141032,27.571390125906916,1,0.16563931807712423,0.7868105014145174
Well_3,236.99164345403898,78.8164917703219,44.2085312869666,0.2050243985401615,2.380042880596836,1.5381236593714955,34.524202825396394,1,0.16946297786785902,0.6573259218421433
Well_3,237.6601671309192,75.36818313318997,42.1820690570297,0.17609395562260366,2.4293569044077934,1.8379742237563637,68.86114246699937,1,0.15578963589312625,0.5952731492763111
Well_3,238.32869080779943,76.50853794982464,42.9559995244621,0.16595208579159423,2.4755820144805867,1.7313204097400166,53.86670487133452,1,0.14973091046693157,0.27226552076201027
Well_3,238.99721448467966,79.27456707226588,50.0322977692501,0.19715031072296935,2.412079851348859,1.481874989378939,30.330180115972727,1,0.1659118902120507,0.9317245212904173
Well_3,239.6657381615599,78.50834618873381,49.51406258299566,0.1816196891905692,2.4185536874284606,1.4855914628295372,30.59084424755319,1,0.1607084045304774,0.3871230060570353
Well_3,240.3342618384401,73.8635700000352,49.54778494932388,0.17275513011090637,2.448342750431319,1.6873051828394785,48.67491287569824,1,0.14428449373238555,0.6420193604139581
Well_3,241.00278551532034,74.18519432349365,58.78890134140118,0.1603478254883183,2.426383336673775,1.3945134977247111,24.80353025023004,1,0.1500093450312203,0.5335387600202934
Well_3,241.67130919220057,66.38305584368634,94.43043643911415,0.11652227102946751,2.5418034251410258,1.7711088950707827,59.03490858437721,0,0.06287185085037092,0.019197604446571422
Well_3,242.3398328690808,74.70023360949189,50.46384665285209,0.18393267823510767,2.4271016252679494,1.4434670133098795,27.7630396487059,1,0.14944201930059092,0.5159966080252152
Well_3,243.00835654596102,75.62620171571923,52.36458777984086,0.16465548022398405,2.432072126957054,1.6608157484799713,45.79475590436041,1,0.15876612583565464,0.29506678728752717
Well_3,243.67688022284125,77.83980629725663,40.00617089220431,0.18005447236440567,2.438262373600156,1.4811985880020941,30.282978485105378,1,0.16391165778320643,1.0127137224694478
Well_3,244.34540389972145,74.68516580302095,49.88427964531171,0.14978382956945072,2.4667290946037266,1.7691140159688254,58.76436072206813,1,0.13261463762448522,0.18111786295855675
Well_3,245.01392757660167,71.10724368873333,35.549612886143315,0.14134610503019857,2.460619448392979,1.6917398983422332,49.174493837984734,1,0.1333869464769029,0.22633018747108918
Well_3,245.6824512534819,79.27356085683708,58.393785872764006,0.1881984242790231,2.4097006052428673,1.4886584377330614,30.80764049650114,1,0.1542095415643614,0.32745888957137886
Well_3,246.3509749303621,72.23990114708796,40.578784210685356,0.13749580061521857,2.451341103614038,1.6777651677625882,47.61734401028783,1,0.12680040632778172,0.31651306384278544
Well_3,247.01949860724233,76.77323344836678,48.11759079933663,0.17615282780340802,2.4472920961224385,1.5194333822537234,33.069938118853685,1,0.15178072827119846,0.438957449033398
Well_3,247.68802228412255,69.27128427648802,41.1553107457755,0.1698212651853234,2.443098343268863,1.7286996439161668,53.5426231094958,1,0.15238278097451105,0.4055176816707901
Well_3,248.35654596100278,75.2404957894091,60.19496578779923,0.1885269987061241,2.430494850238707,1.5319338961297866,34.03563801863029,1,0.155057627624085,0.26037460265920204
Well_3,249.025069637883,72.15218051246626,49.799847645423355,0.16265815090540245,2.4400037450032452,1.5653542769387878,36.758203430011044,1,0.15269239231968668,0.22055088844432646
Well_3,249.69359331476323,73.59391669139863,41.217366123295015,0.1656194079934498,2.4166205181720977,1.4848253741004627,30.536930038735797,1,0.16291206369669892,0.6700782147259887
Well_3,250.36211699164346,78.72780063945073,48.770554027212356,0.18142390607228187,2.4327719353805266,1.4037589109657926,25.33721700119686,1,0.16901790967920569,0.7508596986410757
Well_3,251.0306406685237,77.13101548379184,52.271760341368854,0.1943812739885759,2.3943556128580403,1.5648941947544275,36.719283203300144,1,0.17876192817774478,1.096718720381521
Well_3,251.69916434540391,77.96756884869882,36.137358461971715,0.1865031178192395,2.4251175082060876,1.9263078377498903,84.39327444199108,1,0.16336939721480875,0.22509562165381025
Well_3,252.3676880222841,81.02793865247546,48.97227383085771,0.20233622410375257,2.3685769156214405,1.686743584794467,48.612010696708346,1,0.17777565605559664,1.142622074199358
Well_3,253.03621169916434,81.46577781875186,63.11237797573076,0.1997992874424967,2.3958229887398517,1.4185173618287477,26.213038286346226,1,0.1690644695691506,0.7027821913357063
Well_3,253.70473537604457,81.34340946723604,40.25045641532749,0.19513507773425465,2.3883710307348,1.562405859229829,36.5094978084627,1,0.18556509197601828,1.2840317702461719
Well_3,254.3732590529248,80.18220926859534,44.65384129147794,0.21449846594774344,2.391472608369624,1.5098559118183816,32.34863143551149,1,0.19256817185653383,1.253795720450261
Well_3,255.04178272980502,72.94717670807434,42.42731263758608,0.1968610975280408,2.39057305590411,1.5698448709914432,37.14025412513553,1,0.1876052772658505,0.700489047884232
Well_3,255.71030640668525,80.75234462271635,52.750663169741195,0.18948157607400548,2.3951031405284873,1.5792920409042808,37.95701407484439,1,0.1652676264480814,0.516269648244833
Well_3,256.3788300835655,82.9231715509431,48.49063146810904,0.2062073565918264,2.383263811278297,1.4406811813417473,27.58552040117941,1,0.18416038861820605,0.8367269651409589
Well_3,257.0473537604457,71.43979023834116,46.32492996092749,0.20078543076541147,2.3961786670961174,1.5812334018320977,38.12706737179568,1,0.17695904443868588,0.8909804305976802
Well_3,257.7158774373259,84.2902781336386,59.413368478597256,0.2242099972555428,2.3572231276571394,1.3837103156136465,24.19414703262065,1,0.1935129180082501,1.459013997048452
Well_3,258.3844011142061,82.4615786214884,47.08327077120967,0.2044036182238996,2.3865800172156546,1.553437075544122,35.763257982630584,1,0.18085356407159106,0.7971170716021814
Well_3,259.05292479108635,83.29402768114522,50.4100254333314,0.23231558267966262,2.326837571998016,1.3110225783640497,20.465510312911217,1,0.19903115016095643,2.3169864190713922
Well_3,259.7214484679666,76.20451309472176,52.53124041135651,0.17742650191048262,2.392585163360968,1.7465100701561194,55.784053685808615,1,0.17835787625720118,0.8925978235749121
Well_3,260.3899721448468,81.80962705082855,48.36553567295167,0.20756367603531223,2.3749491547009702,1.410285869718786,25.72088275397422,1,0.18660325647849046,0.9392819025688264
Well_3,261.05849582172704,78.74423682069218,39.58709336358864,0.19615059062266257,2.37981559343299,1.3686105294645254,23.367407352371558,1,0.19089363078574592,2.015950471132773
Well_3,261.7270194986072,76.68086567595502,48.26793979620898,0.2077431973165726,2.381180691861856,1.437741584103501,27.399433531141053,1,0.16645740600183426,0.5924137068580869
Well_3,262.39554317548743,75.88248012377845,60.24495989258376,0.18647200230907254,2.4047438344995204,1.423605790618779,26.52197068056571,1,0.16308996057139807,0.8683568441187399
Well_3,263.06406685236766,77.28996075429995,36.53706619825595,0.19267948356103476,2.398418423912665,1.6418565461066497,43.83858685177925,1,0.170669730797129,0.681851864315783
Well_3,263.7325905292479,78.24178196329028,49.19056811099404,0.17600408053523492,2.426982214320823,1.5062965636061532,32.08459514713263,1,0.17024166766271337,0.660689339512937
Well_3,264.4011142061281,74.12258451170736,56.01062160062698,0.16747582035724026,2.419769388258686,1.3689438857585758,23.385350621304223,1,0.16294403417877287,0.46470240747801905
Well_3,265.06963788300834,77.7155683938249,46.20920088480764,0.19701990539542144,2.4076302651721626,1.5503743587294734,35.511936768772436,1,0.16320182271236763,0.5351923045045509
Well_3,265.73816155988857,76.85575348148629,48.830394106219,0.1885147596649449,2.4136668445149607,1.4486155176834512,28.094125470585926,1,0.15710855166428409,0.5491102003081603
Well_3,266.4066852367688,72.34099056801448,61.611923456871814,0.16134853657824494,2.4290191926831537,1.741280064797758,55.116301198704896,1,0.15204657955589732,0.38842311762905907
Well_3,267.075208913649,70.89934620866187,50.262902229870136,0.17274576466247243,2.4164046249605247,1.4789321414880645,30.12535278778764,1,0.15396974206177158,0.5046550542355371
Well_3,267.74373259052925,80.78764994800076,47.53408950320267,0.19212540771159778,2.399177529794041,1.3893786646101285,24.511995296075952,1,0.1658794773805823,0.7977827440242471
Well_3,268.4122562674095,77.50428839097776,55.43931459825214,0.18887432795895748,2.419387639189547,1.5195706586619924,33.08039286804631,1,0.16757288637066142,0.7003600157862685
Well_3,269.0807799442897,74.6956383806318,49.82739873651689,0.16206670207601093,2.4274749542267338,1.827985017080775,67.29534393626852,1,0.14663974753057418,0.38654196330927243
Well_3,269.74930362116993,76.06860307677017,52.412699160946076,0.18055347875814187,2.4113744473547203,1.5831532163918296,38.295982533167575,1,0.15952733091717275,0.5898388802845373
Well_3,270.41782729805016,72.43582705026742,37.99791865221893,0.13959082198751838,2.448631992295403,1.9486295071628073,88.84428716072168,1,0.13692592694143269,0.4414422884354518
Well_3,271.0863509749304,76.20470441575183,58.3008251357667,0.16896505175996834,2.446698063755059,1.6131494372244157,41.03452751928757,1,0.14115019964282718,0.22570756905769956
Well_3,271.7548746518106,74.10464669741282,54.70958988905213,0.16680558379155097,2.440378416766777,1.5962955031236281,39.472579047391456,1,0.13311898723473728,0.2674396313564461
Well_3,272.42339832869084,75.76470280137386,58.71752912674529,0.16935285589040866,2.427454168591912,1.6129021245563926,41.011166712464735,1,0.14259973990982405,0.2569612066560515
Well_3,273.09192200557106,88.68644934389361,17.008965746672065,0.26893394587995284,2.2761401316933116,1.6611284638584183,45.82774246556251,3,0.2569136118974478,18.32008269783534
Well_3,273.7604456824513,75.27786015321078,58.08734422317911,0.18819571795314693,2.4059406620385904,1.5592203860732958,36.24268680599203,1,0.15705342638911207,0.5481649380482704
Well_3,274.4289693593315,73.98386743512336,52.03394158751725,0.1472338946739357,2.4249394704177227,1.700250789153989,50.14767344749529,1,0.16311648743084195,0.4027868095951929
Well_3,275.0974930362117,73.58503540844721,45.98775877154454,0.17181955144762115,2.4405079184378033,1.5289588646268486,33.80328169996717,1,0.14406310241158382,0.2606820878373374
Well_3,275.7660167130919,91.27288838406469,18.220017886022692,0.28060951695299247,2.2598291444577487,1.4294274388456756,26.879887011441305,3,0.2674719661864599,25.84265986528721
Well_3,276.43454038997214,71.08180164111512,92.22027355428753,0.11997236154566573,2.5245743690398212,1.5771301779039555,37.768538353014605,0,0.06726787478990581,0.02512489075490146
Well_3,277.10306406685237,70.32417898551661,91.12373334488609,0.14743963053953074,2.494952817385519,1.6507371033628402,44.744236657734206,0,0.08188346585064359,0.04321891456081651
Well_3,277.7715877437326,68.63897200501317,84.46740279318186,0.12824690207797737,2.4935629584106613,1.502416720666072,31.799238548085814,0,0.08425226121875484,0.05556072569457086
Well_3,278.4401114206128,69.59993442682762,86.59862658998617,0.15966009573016068,2.4726956599287933,1.445904126350475,27.919274350175293,0,0.10207359857790127,0.04876929664307461
Well_3,279.10863509749305,70.16294681263739,81.5110001125237,0.1594927543366047,2.465880184111485,1.3635240996120923,23.09532614579036,0,0.10064173996410766,0.06842356757821928
Well_3,279.7771587743732,72.70739281915353,83.94133016966475,0.13727797949116544,2.488071763364236,1.3637573674703025,23.107734418483858,0,0.09828262686949213,0.09773842339402632
Well_3,280.44568245125345,71.51327247866926,94.27219743210179,0.14274545676109535,2.476210420407672,1.3297272177005064,21.366196476270986,0,0.09334782567572754,0.08885641572031686
Well_3,281.1142061281337,85.88342422772556,35.816715724043654,0.2437668649217883,2.2988130733734016,1.4880057928158004,30.761378453819333,2,0.24406668801675524,10.307389519016368
Well_3,281.7827298050139,72.66410837240194,88.56454053548913,0.14816770454805644,2.482787993469035,1.4146279711567966,25.97933147242157,0,0.10159556281760153,0.054192904503406754
Well_3,282.4512534818941,68.39017293665242,88.26028069492094,0.14372486383133715,2.4720160566197737,1.4754834969273705,29.88708074704557,0,0.09163642353490022,0.05637488601564032
Well_3,283.11977715877435,71.34898588173951,76.87540442389422,0.1353153986907507,2.5091359457737763,1.6028428734733289,40.07217114050872,0,0.0963522369595195,0.06438252402006976
Well_3,283.7883008356546,76.108371800476,78.76189109647021,0.15439688743553837,2.4674078245269584,1.5614218860971376,36.42687253792968,0,0.11287870420333404,0.10341449387698325
Well_3,284.4568245125348,73.39948855488865,86.63505163588496,0.16121759476837624,2.453841538464082,1.409272105648708,25.66091308248002,0,0.11190708972193493,0.11360562682378966
Well_3,285.12534818941504,75.20721659532997,83.58716141955261,0.14259253533918698,2.4722891483609106,1.5280823819074347,33.735129521311414,0,0.10643690562297896,0.08937227863135175
Well_3,285.79387186629526,71.09793279711516,91.4427104465124,0.14840675579130508,2.4489337283945436,1.4193973856696227,26.266208398281478,0,0.11008611851529916,0.0756855173970247
Well_3,286.4623955431755,72.25660845519793,86.98509094746393,0.16742052576518726,2.4742410657875027,1.6862157428428017,48.55296350012036,0,0.10183175943691061,0.05564508530716381
Well_3,287.1309192200557,73.05769995531861,86.90709234218741,0.16238680467978614,2.4657443308282776,1.541931924266155,34.828271738188896,0,0.12008067106854159,0.07218765987987373
Well_3,287.79944289693594,69.0762259912804,82.09930352900813,0.14760756158377314,2.4773375636406034,1.5770256182341535,37.75944638726766,0,0.09948463338269564,0.07954716687047327
Well_3,288.46796657381617,66.34810889594088,73.11909803798054,0.11192002822453556,2.505612849909351,1.8226863479261615,66.47928623408835,0,0.08251969847741272,0.03658915499225304
Well_3,289.1364902506964,87.81231257317376,42.730417953511825,0.23328207902745285,2.336476175083574,1.4163145700112285,26.08041933950994,2,0.22589424799959482,5.407709723306473
Well_3,289.8050139275766,88.38093898377714,28.12184415802384,0.2525958552671172,2.3046977327423535,1.3066363194144943,20.25985437626028,2,0.23913118207663275,11.818739393301053
Well_3,290.47353760445685,86.53770610210138,32.60687526030901,0.2302839137333369,2.34562397969422,1.4120738590805268,25.826993847530723,2,0.21164487844556007,3.976251313396776
Well_3,291.1420612813371,84.9147887350606,29.998946639805304,0.2410350390338193,2.2917075751966687,1.5249080905547012,33.48945581506815,2,0.22935168454309746,5.990163447330824
Well_3,291.8105849582173,85.12221489448328,30.954720323305025,0.24656342197174871,2.3197349748576253,1.4481230013043278,28.06228308115578,2,0.22024900488721327,7.228684063090494
Well_3,292.47910863509753,77.50390293548415,22.983129829382378,0.19128097208058492,2.3881864248117304,1.5053128776092424,32.01200511456444,2,0.18616037637789887,1.5401534488527728
Well_3,293.14763231197776,79.4663143421691,14.204105865019788,0.22550654530058928,2.330396861226743,1.631922089735463,42.84716478252298,2,0.22224898087773756,4.226639965047027
Well_3,293.81615598885793,83.20962656884524,26.48874949014855,0.22926113134968534,2.3498461114420692,1.5971505952454639,39.55037405242389,2,0.2135358228132001,2.552978285189438
Well_3,294.48467966573816,82.27983477881537,25.27784324062516,0.22636030171172147,2.3443413039646273,1.6364811990438408,43.299332270432856,2,0.21878635402606908,5.378171567843695
Well_3,295.1532033426184,77.71942374252643,26.848156396033886,0.20488894218801618,2.3621774781491967,1.7273356947849439,53.37473044943336,2,0.19465051440491407,1.8089243808646869
Well_3,295.8217270194986,80.7975021427987,26.390538302628837,0.19855732193642664,2.344373232336672,1.6532845812254504,45.00746798424064,2,0.20110718247766676,2.2324508444644953
Well_3,296.49025069637884,83.90254972155965,18.685718943544547,0.21358127646995545,2.356269882974182,1.4316164586644742,27.015714537551435,2,0.19722242617779445,3.2740804693478127
Well_3,297.15877437325906,83.5937275046461,22.875732287438467,0.21428956570526037,2.3740258680546793,1.7205533114318992,52.54765155522913,2,0.20770813640727362,1.7418988621622826
Well_3,297.8272980501393,83.29663141856298,31.36205755577663,0.21434005495964042,2.366493366340166,1.493526571467022,31.15491505458408,2,0.20349001784600132,4.150866142816217
Well_3,298.49582172701946,82.37314867035693,32.70042065153323,0.22042467419281084,2.3691714047780845,1.656899063737935,45.38361263716342,2,0.20074192816418407,2.4454433403338016
Well_3,299.1643454038997,78.03356197023298,25.52576757557491,0.21447831880069154,2.396942928922022,1.3249879331494665,21.13430317464819,2,0.20199531506034693,2.70907085522122
Well_3,299.8328690807799,78.17225715890206,23.563105923473206,0.19162525713216824,2.384656277206509,1.6455373725248899,44.21171609318625,2,0.1880241071359158,2.4816695670365285
Well_3,300.50139275766014,80.84565966960989,26.084910510731714,0.19720967258214683,2.384666266723702,1.5231802327210642,33.35648138332224,2,0.19201148103428703,1.9330238449846864
Well_3,301.16991643454037,83.84759206685105,31.57348167079649,0.19758484391388023,2.353167705189528,1.4585401498962653,28.743533111355823,2,0.20694305887173206,3.7922657347581583
Well_3,301.8384401114206,82.79259368343786,34.94373868102405,0.22875652966879934,2.350858657226181,1.5938117812804942,39.24748040303805,2,0.22449522683007456,4.413379830870925
Well_3,302.5069637883008,77.14407067822899,27.277642795488696,0.20858617941098903,2.3462737291651274,1.6774345242077302,47.581105060210355,2,0.20658063626839587,3.7459987571268605
Well_3,303.17548746518105,86.0642544103605,29.21314109758648,0.2096647767437804,2.3430830477131113,1.2767656604977187,18.913228107331864,2,0.2177402431738584,4.488567708107838
Well_3,303.8440111420613,86.57210651627358,29.40919886934011,0.23948136496743497,2.31056814085266,1.4621312716825068,28.982194833681145,2,0.22363424870493157,4.697645018790359
Well_3,304.5125348189415,84.83595449880445,28.565379005093817,0.23552604581197378,2.3180714480313913,1.3672585260342855,23.294775321898644,2,0.21839663590457037,5.103984392678926
Well_3,305.18105849582173,87.33832318514006,24.535650660848535,0.2312229485393533,2.3117496151711534,1.4515101554788392,28.282002444963734,2,0.23016457549337396,11.889386681605865
Well_3,305.84958217270196,83.79919811934161,42.457834189310255,0.24710570997935374,2.270530676556182,1.2772678941378157,18.935112691000814,2,0.24294425805277373,8.441490796182803
Well_3,306.5181058495822,88.35569255298762,32.26491254514424,0.26203074410535193,2.273722601800456,1.5457426575927289,35.135218411568886,2,0.2519897169423051,14.992129408805853
Well_3,307.1866295264624,85.93840665988006,40.82599761570337,0.2846374790285165,2.28988200108184,1.2036278314103437,15.981878747677962,2,0.24818663682465136,8.161096176655482
Well_3,307.85515320334264,86.17087394106426,24.20625584015676,0.28564450084831766,2.282152570318208,1.2818158977040013,19.1344462246257,2,0.24676878533045937,12.814200189803511
Well_3,308.52367688022287,86.48320665722812,24.994154522855823,0.25084543789949776,2.335977099961288,1.4824649665817369,30.37141083708552,2,0.2434645786307887,6.656309685081158
Well_3,309.1922005571031,85.70199663118095,33.565491921691724,0.24324285256102451,2.274714060370131,1.5145902366459407,32.703198968304115,2,0.24049131616257424,6.747063426885509
Well_3,309.8607242339833,85.3893526240088,19.578024343930405,0.26395602499024834,2.288192122013219,1.4183325562888693,26.201886212491786,2,0.2454440497667148,6.3764849423636925
Well_3,310.52924791086355,88.03475569897445,21.279000401221236,0.26341717594479036,2.284412623898987,1.4887827042439599,30.816456877821675,2,0.26068983116383804,9.616378955953058
Well_3,311.1977715877438,85.9137555666978,22.760015158057715,0.23649890781707641,2.3329916088549876,1.6465193748784956,44.31179825635565,2,0.23335107232312569,4.431681776944411
Well_3,311.866295264624,88.35964641671818,26.219678708870042,0.26103098999058244,2.278663012658102,1.48274084182133,30.39070968232913,2,0.24436139679961855,11.064881576005927
Well_3,312.53481894150417,92.44456620718567,26.31709053854547,0.27157547527576087,2.2830232461119797,1.5559162155222628,35.967993868825005,2,0.25540759322413614,15.656314851431675
Well_3,313.2033426183844,89.28980072547495,30.13444440186059,0.24240555943859288,2.2784626044588228,1.5928278018623032,39.15865819040674,2,0.2376155391740344,11.259090020396922
Well_3,313.8718662952646,85.39648515443098,40.050600855350226,0.2404103485849912,2.3348395496345224,1.4060326911472638,25.470219702789308,2,0.2255274297928804,5.716247701695599
Well_3,314.54038997214485,83.46093375585313,32.71393727764295,0.25137237668105095,2.2939326814147805,1.4682301338588768,29.392067332309207,2,0.2587109390813924,16.222804605769777
Well_3,315.2089136490251,83.99848863496402,27.51139916019504,0.2110293325439144,2.346646063040857,1.5928283387013173,39.15870659513976,2,0.2142696867272713,3.604404041099216
Well_3,315.8774373259053,88.42957804910206,25.690269885001385,0.2479132351014918,2.286324782034017,1.6239741949217008,42.070163022882035,2,0.2419658735714311,8.724350030364858
Well_3,316.54596100278553,84.72431827280641,21.994140854786068,0.2264661214139641,2.3179527367915718,1.440076246580577,27.547122898557888,2,0.23664383924455887,7.624172441839298
Well_3,317.2144846796657,89.79387535366038,29.730920107327726,0.2574861312084433,2.2853162001519536,1.4212635360627661,26.379316346492494,2,0.23598764578728318,4.902976851168227
Well_3,317.88300835654593,91.13224393339513,9.391938632356412,0.27318144604824474,2.259396810337538,1.5382293450819553,34.53260532427616,3,0.2800717079147525,66.00381956485786
Well_3,318.55153203342616,91.11267826404304,5.987596743549911,0.2620124660474874,2.2679372303698493,1.3923588211081446,24.680776606553785,3,0.26894252808288555,45.63768671694663
Well_3,319.2200557103064,91.46315281344076,21.964936977612904,0.2589243560514413,2.2461388010218806,1.5249400719347197,33.49192206433957,3,0.2680074455780807,42.04564320337792
Well_3,319.8885793871866,88.09002395816943,14.96942750259204,0.2681414606896054,2.285857918835412,1.320135810886141,20.899495896057875,3,0.25795248485918304,23.660490625939964
Well_3,320.55710306406684,86.24574006627843,19.71574335900632,0.2612479765571218,2.2871079627454893,1.5174638407472127,32.92030428271606,3,0.2575637289631263,28.561411773726967
Well_3,321.22562674094706,91.48841471607268,18.951164442581135,0.27382120325419773,2.2449035484767554,1.3784429142209769,23.90247728907497,3,0.2776292990020125,25.59576598623802
Well_3,321.8941504178273,90.65614631898116,12.176105318170837,0.25523795570354846,2.2469408466032386,1.4720365998488234,29.650812590430547,3,0.27219396988977257,29.442995144856724
Well_3,322.5626740947075,90.26158432892987,21.13846344434154,0.2525493955643386,2.283887550925321,1.6498250095855767,44.65036460436931,3,0.2612690727748449,18.45909735642034
Well_3,323.23119777158774,83.39247799420258,17.805171070510774,0.24142458292648192,2.270103378203665,1.4869456007604755,30.686375902154815,3,0.2535346323098186,19.5282353325509
Well_3,323.899721448468,85.81874594402986,11.697279676640907,0.2493707161450297,2.2812856649518083,1.6540608701678532,45.08798948714737,3,0.2556597075728475,32.79439922293941
Well_3,324.5682451253482,91.01175252461655,27.78977596346529,0.2759992658592031,2.2766117425690875,1.4917774311203673,31.029689593022695,3,0.25712936758692456,18.422108806411728
Well_3,325.2367688022284,89.7430581774794,19.1689137497601,0.24687755231978195,2.2891210092181793,1.4828784615836166,30.400341453264566,3,0.24501994248008366,17.1906261526955
Well_3,325.90529247910865,67.60420907388524,97.06543927799115,0.12579862928521898,2.54671551998009,1.739212735296741,54.854559931379676,0,0.06879801931643871,0.02544191390179761
Well_3,326.5738161559889,84.65428974028492,10.170349774897247,0.2640024782898895,2.295990772161912,1.5518990575263345,35.63682936033642,3,0.23456230775944187,16.618403725222255
Well_3,327.2423398328691,88.75419164518564,11.05013917720943,0.25801100830136586,2.25467222445678,1.5960411282537934,39.44946594650599,3,0.2694601439171132,31.921964547708054
Well_3,327.91086350974933,87.182654127312,24.087569007855695,0.26911407514604435,2.270187994557807,1.4858121438661365,30.60639253324637,3,0.2519190545352794,15.136395811431113
Well_3,328.57938718662956,92.2214896101303,29.198469026311763,0.2725793609402768,2.221010403960773,1.1977754574637334,15.76795810857455,3,0.2767208189002874,40.73609116908023
Well_3,329.2479108635098,90.7257096326675,26.83651554964706,0.29304763583691656,2.2233055890071265,1.421811276803086,26.41260744826115,3,0.28769632211218027,41.566996986437566
Well_3,329.91643454039,95.52867044174212,24.47788139048796,0.30041221585582495,2.232715878052397,1.3386918569337272,21.811817583174484,3,0.28446387409157403,51.405076325576765
Well_3,330.5849582172702,87.90604775371536,5.360963878109221,0.28223324605374045,2.2527633452502047,1.5182863139792488,32.98270830789336,3,0.2662149282289662,35.840627564016806
Well_3,331.2534818941504,89.13298578722333,15.151121273928105,0.26823127226248084,2.2749324077167277,1.6097475137557558,40.71435075316547,3,0.25780736955354755,16.59619262367638
Well_3,331.92200557103064,95.29486954165073,27.137234358147815,0.2880653624251751,2.2362043472310966,1.3026224334713132,20.07346908422945,3,0.2895724457878447,49.278514530220235
Well_3,332.59052924791087,92.07616612294723,12.543969893504798,0.2897057775182519,2.213985292884278,1.2817758423554888,19.132681519798496,3,0.2969006508016746,78.16450963397622
Well_3,333.2590529247911,93.48346354132154,15.032000138854109,0.28893820428783756,2.2339732575457334,1.4655849110208974,29.213588734194783,3,0.29025649414266214,54.28258088363498
Well_3,333.9275766016713,95.45231962829578,15.109440754452034,0.30918781736690537,2.225857656394247,1.2247679173347767,16.779071215677956,3,0.3019609279891125,54.39266522236275
Well_3,334.59610027855155,95.8779557386323,12.931139154288285,0.28408533036468847,2.222952329779285,1.3597261273965144,22.894234527370493,3,0.2871154858602726,30.021428027110794
Well_3,335.2646239554317,96.47261087779026,22.006668889088772,0.3117078925478733,2.1850723298000942,1.3330502010981609,21.53030594099921,3,0.30460926144670436,73.70735706543466
Well_3,335.93314763231194,93.89027325471852,11.86914052310933,0.2922832304701337,2.2257984265484865,1.545970786979625,35.15367934470321,3,0.3002205679076416,61.059866670985535
Well_3,336.60167130919217,77.62593655807771,50.521119868280564,0.21779857722315674,2.370983028199671,1.4923283074959783,31.069073857131674,1,0.1889511209716551,1.7713248771657026
Well_3,337.2701949860724,76.56968398562013,50.99691625736933,0.17476583668350515,2.3746997046303533,1.4003310004027034,25.138016120553548,1,0.1655173312735946,0.8779524700288559
Well_3,337.9387186629526,78.0726672291957,37.1501230446301,0.17912563917100893,2.416736831016297,1.5586128314272527,36.19202068228346,1,0.1677848093289458,0.7444923219178442
Well_3,338.60724233983285,82.42662115320036,54.8186475500319,0.2131232800541177,2.350457271132739,1.397231712402903,24.95926041960591,1,0.1912342893246233,1.0219732270426716
Well_3,339.2757660167131,84.52079611833773,44.04747504782662,0.2256244326173909,2.35781090413908,1.1929510135691825,15.593766023595977,1,0.2022508513840249,1.4404480562367419
Well_3,339.9442896935933,80.86562447132162,47.08287882417571,0.22162777286311894,2.358933666403639,1.2094047050669745,16.195885771863775,1,0.18506444197452213,1.1552316223064187
Well_3,340.61281337047353,82.8896009929152,46.5269194860978,0.21606400052511487,2.369128200788406,1.6182516749970732,41.51945794761822,1,0.18284750652372853,1.1410397317620593
Well_3,341.28133704735376,75.03701021949286,46.48458120206028,0.184054469852061,2.3863669782888834,1.6921117509194152,49.216616161793304,1,0.17656642979269344,0.7800431215159551
Well_3,341.949860724234,77.61970951014257,41.228054675507515,0.1875758845926112,2.3999868963287305,1.5908543148328225,38.981120160183046,1,0.15539719497361928,1.1099462552789718
Well_3,342.6183844011142,77.54196348430345,39.763590467575526,0.18988624756321643,2.394011557210661,1.6804903563253681,47.91708126194148,1,0.1759742699392714,0.8935118606138867
Well_3,343.28690807799444,78.98898837591955,54.610267204935454,0.1857948693708818,2.405056501989562,1.5503719213124503,35.51173746355463,1,0.17033061178506573,0.40625058916051043
Well_3,343.95543175487467,75.97774511560918,42.23819252397298,0.17658499413789547,2.4037172705430683,1.5359820248921183,34.354372860021314,1,0.16215845600688403,0.708762055643395
Well_3,344.6239554317549,72.65140944330415,46.804730883371604,0.1858029560499328,2.4360605635352117,1.5155750773927756,32.77744349578448,1,0.1658543761813827,0.6503747389857932
Well_3,345.2924791086351,77.81846427213817,45.796292789329144,0.16989784413296546,2.4146631825772977,1.6999265719641419,50.110250290928484,1,0.1650433196062404,0.37728655546573636
Well_3,345.96100278551535,73.69631205029371,47.486161660871616,0.17176372356000466,2.4270432794896992,1.4520658715521118,28.31821479336906,1,0.15415319832841562,0.4151791821177987
Well_3,346.6295264623956,79.41105523393462,41.68348656408704,0.1703883240028852,2.428313741341472,1.686391142391168,48.57257666164728,1,0.1579313647097906,0.4173767326953927
Well_3,347.2980501392758,77.78162261144944,40.92739722057266,0.16232492505439333,2.4377449880708153,1.6948305713909604,49.525694159685195,1,0.15508167734667005,0.5884597534856891
Well_3,347.96657381615603,76.49047802092572,45.51898740748068,0.17182560995211332,2.4230560415125075,1.629666571210264,42.62521388493477,1,0.14356741357152525,0.3040799178150145
Well_3,348.63509749303626,77.4124948999056,51.155462085902485,0.17490434353850093,2.4262913801779993,1.6096354886459714,40.7038499487556,1,0.15996050633457307,0.447324437379714
Well_3,349.3036211699164,78.97399233825173,46.076882491603754,0.17783356188676963,2.404676408777354,1.5672137525180398,36.915924790370305,1,0.1376003785951051,0.4044854407920492
Well_3,349.97214484679665,76.98263591534527,55.40923978428765,0.17279135768213122,2.431652413263572,1.5405135045626377,34.71470703984826,1,0.152942974212618,0.4123905199996183
Well_3,350.6406685236769,67.45281703712338,41.82809699480968,0.1597828103339386,2.436150168765873,1.7165672895508366,52.067567599795424,1,0.13583453135512447,0.5243401243953145
Well_3,351.3091922005571,73.48155750950725,44.11500254422222,0.1653343513845669,2.4438605008027894,1.669711599278327,46.7424636829721,1,0.15032784300738727,0.626299691177385
Well_3,351.97771587743733,76.52662972097018,54.282976517436026,0.1792157963014441,2.426109147175121,1.6562678938648678,45.31770352420234,1,0.14486030766944646,0.232196745129077
Well_3,352.64623955431756,68.7418956219025,51.32380403315953,0.164740604149164,2.4492270077905065,1.6358838567036897,43.23981794028815,1,0.1356765348417102,0.16319829468144262
Well_3,353.3147632311978,73.82528328386617,45.112009221380845,0.18191242749432712,2.4180211891917947,1.4051702301984745,25.41968884617547,1,0.1462330614250133,0.4420352454719411
Well_3,353.98328690807796,75.47043359515934,41.725868496063335,0.15061036128064376,2.4492653013603003,1.6376660082019883,43.417619491629694,1,0.16003401934423284,0.37659362781984734
Well_3,354.6518105849582,78.85468808347028,50.00946219304733,0.1784582429890044,2.447151234519431,1.5143227581852285,32.68306353368351,1,0.14597742767496605,0.425114435694681
Well_3,355.3203342618384,90.31967764825185,16.641632970633385,0.2631742509570975,2.2711016960611197,1.5951020267441103,39.36425411704472,3,0.26581236782793827,21.23801327602799
Well_3,355.98885793871864,77.07981924001074,35.02401642088663,0.18685258029892163,2.3834990884324565,1.572038878066989,37.32835726669341,1,0.16882251039416865,0.4947269901237118
Well_3,356.65738161559887,78.23619061889976,49.795067942458665,0.17007224905635263,2.431632643077654,1.5326224052520057,34.089639240125,1,0.16059997032534234,0.4342417271003359
Well_3,357.3259052924791,82.20398859862004,43.632442405044316,0.21502673643286022,2.368605558043158,1.4562784611318316,28.594233620896773,1,0.18907377008572884,1.2510417912145773
Well_3,357.9944289693593,80.23052934382295,46.48540988871724,0.18541095812721833,2.391673037545395,1.408320300136714,25.604735868918365,1,0.16138888709161026,0.7598723806754423
Well_3,358.66295264623955,80.25071729771877,52.89634970970167,0.18696298138757597,2.384072378075294,1.3884759360652952,24.461097351724298,1,0.16693834616654776,0.933768862194661
Well_3,359.3314763231198,79.26785372931778,44.14478931173075,0.19649216645108006,2.3960116506568023,1.52650391941196,33.61274025090745,1,0.17419847889750223,0.6613080184939286
Well_3,360.0,76.84884199211156,51.42021833280532,0.18611899617927746,2.3924839266444224,1.5253137294903858,33.520750187664966,1,0.1624746310875474,0.9921185917805653
